Carimbo de data/hora;Qual a sua idade?;Sexo;Qual seu estado civil?;Atualmente vocà mora:;Em uma escala de 1 a 5 quanto vocà valoriza O TAMANHO DA µREA INTERNA DE UM APARTAMENTO(PRIVATIVA) durante a compra do im¢vel?;Em uma escala de 1 a 5 quanto vocà valoriza A LOCALIZAÄ«O durante a compra de um im¢vel?;Em uma escala de 1 a 5 quanto vocà valoriza O NÈMERO DE GARAGENS durante a compra de um im¢vel?;Em uma escala de 1 a 5 quanto vocà valoriza A SEGURANÄA DO PRêDIO durante a compra de um im¢vel?;Em uma escala de 1 a 5 quanto vocà valoriza O BAIXO CUSTO DO CONDOM÷NIO durante a compra de um im¢vel?;Em uma escala de 1 a 5 quanto vocà valoriza  OS AMBIENTES DE LAZER DO CONDOM÷NIO (ACADEMIA, SAL«O DE FESTAS , ETC) durante a compra de um im¢vel?;Academia rooftop;Espaáo de pilates e relaxamento rooftop;Biblioteca/ sala de estudoEspaáo Pet;Espaáo Pet;Hortas Coletivas;Ambiente de Coworking para trabalho home oficce;Sal∆o de festas;Ambiente de conv°vio ao ar livre;Piscina Aquecida;Automaá∆o do apartamento (Cortinas. luzes. fechadura. climatizaá∆o);Serviáos de atendimento mÇdico e enfermagem compartilhado;Nutricionista compartilhada no condom°nio; Dog walker;Serviáos de lavanderia;Personal trainer compartilhado;Professor de pilates compartilhado;Porteiro;Biciclet†rio (com bicicletas) compartilhado;Professor para aulas de danáa compartilhado;Professor compartilhado para aulas de hidrogin†stica;Serviáo de compras de super mercado;Extra
10/09/2020 14:18;40 a 50 anos;Masculino;;Com o cìnjuge e filhos;5;5;4;5;5;5;Academia rooftop; Espaáo de pilates e relaxamento rooftop; Biblioteca/ sala de estudo; Espaáo Pet;Hortas Coletivas; Ambiente de Coworking para trabalho home oficce; Sal∆o de festas;;;;Serviáos de atendimento mÇdico e enfermagem compartilhado; Nutricionista compartilhada no condom°nio;;; Personal trainer compartilhado;;;; Professor para aulas de danáa compartilhado;;;
10/10/2020 06:47;40 a 50 anos;Masculino;;Com o cìnjuge e filhos;5;5;4;5;5;5;Academia rooftop; Espaáo de pilates e relaxamento rooftop; Biblioteca/ sala de estudo; Espaáo Pet;Hortas Coletivas; Ambiente de Coworking para trabalho home oficce; Sal∆o de festas;;;;Serviáos de atendimento mÇdico e enfermagem compartilhado; Nutricionista compartilhada no condom°nio;;; Personal trainer compartilhado;;;; Professor para aulas de danáa compartilhado;;;
10/26/2020 15:40:55;20 a 30 anos;Masculino;Solteiro;Com os pais;2;4;1;3;5;3;Academia rooftop;; Biblioteca/ sala de estudo; Espaáo Pet;; Ambiente de Coworking para trabalho home oficce; Sal∆o de festas;;;Automaá∆o do apartamento (Cortinas. luzes. fechadura. climatizaá∆o);;;; Serviáos de lavanderia; Personal trainer compartilhado;; Porteiro;;;; Serviáo de compras de super mercado;
10/26/2020 15:50:05;20 a 30 anos;Feminino;Solteiro;Com os pais;;;3;5;5;5;Academia rooftop;;;;;; Sal∆o de festas; Ambiente de conv°vio ao ar livre; Piscina Aquecida;;;;Dog walker;; Personal trainer compartilhado;; Porteiro;; Professor para aulas de danáa compartilhado;;;
10/26/2020 17:52:50;40 a 50 anos;Masculino;Solteiro;Sozinho;4;5;3;5;3;1;;;;;;; Sal∆o de festas;;;;;;;;;;;;;;;Gostaria que houvesse proibiá∆o de animais domÇsticos 
10/27/2020 11:28:39;40 a 50 anos;Feminino;Casado;Com o cìnjuge e filhos;5;5;5;4;4;3;Academia rooftop;;;;;; Sal∆o de festas; Ambiente de conv°vio ao ar livre; Piscina Aquecida;;;;;Serviáos de lavanderia;;; Porteiro;;;;;
10/27/2020 11:29:20;50 a 60 anos;Masculino;Casado;Com o cìnjuge;4;4;4;5;3;5;Academia rooftop;;;;; Ambiente de Coworking para trabalho home oficce; Sal∆o de festas; Ambiente de conv°vio ao ar livre; Piscina Aquecida;;;;;;;; Porteiro;;;;;
10/27/2020 11:29:35;30 a 40 anos;Feminino;Solteiro;Com os pais;5;5;3;4;5;3;Academia rooftop;; Biblioteca/ sala de estudo;;;; Sal∆o de festas; Ambiente de conv°vio ao ar livre;;Automaá∆o do apartamento (Cortinas. luzes. fechadura. climatizaá∆o);;;;;;;; Biciclet†rio (com bicicletas) compartilhado;;; Serviáo de compras de super mercado;
10/27/2020 11:30:12;30 a 40 anos;Masculino;Casado;Com o cìnjuge e filhos;3;5;5;4;5;5;Academia rooftop;;;;;; Sal∆o de festas;;;;;;;;;;; Biciclet†rio (com bicicletas) compartilhado;;; Serviáo de compras de super mercado;
10/27/2020 11:34:07;50 a 60 anos;Masculino;Casado;Com o cìnjuge e filhos;5;5;5;5;3;5;;;;;; Ambiente de Coworking para trabalho home oficce; Sal∆o de festas; Ambiente de conv°vio ao ar livre;;;;;;Serviáos de lavanderia;;; Porteiro; Biciclet†rio (com bicicletas) compartilhado;;;;
10/27/2020 11:34:41;40 a 50 anos;Feminino;Divorciado;Com o cìnjuge e filhos;5;5;4;5;3;5;Academia rooftop;;;;;; Sal∆o de festas;; Piscina Aquecida;Automaá∆o do apartamento (Cortinas. luzes. fechadura. climatizaá∆o);;;;;;;;;;;;
10/27/2020 11:35:06;40 a 50 anos;Masculino;Casado;Com o cìnjuge;4;4;3;4;4;3;;;;;;; Sal∆o de festas;;;;; Nutricionista compartilhada no condom°nio;;;;;;;;;;
10/27/2020 11:35:09;50 a 60 anos;Feminino;Casado;Com o cìnjuge e filhos;3;4;2;5;5;4;;; Biblioteca/ sala de estudo;;; Ambiente de Coworking para trabalho home oficce; Sal∆o de festas; Ambiente de conv°vio ao ar livre; Piscina Aquecida;;Serviáos de atendimento mÇdico e enfermagem compartilhado;;; Serviáos de lavanderia;;; Porteiro;;; Professor compartilhado para aulas de hidrogin†stica;;
10/27/2020 11:35:20;50 a 60 anos;Masculino;Casado;Com o cìnjuge e filhos;5;5;5;5;3;5;Academia rooftop;;;;; Ambiente de Coworking para trabalho home oficce; Sal∆o de festas; Ambiente de conv°vio ao ar livre;;Automaá∆o do apartamento (Cortinas. luzes. fechadura. climatizaá∆o);;;; Serviáos de lavanderia;;;; Biciclet†rio (com bicicletas) compartilhado;;;;
10/27/2020 11:38:20;60 a 70 anos;Feminino;Casado;Com o cìnjuge;3;3;4;5;5;3;Academia rooftop;;;;;; Sal∆o de festas; Ambiente de conv°vio ao ar livre;;;;;;; Personal trainer compartilhado;; Porteiro;;;;;Seguranáa 
10/27/2020 11:42:58;20 a 30 anos;Masculino;Solteiro;Com os pais;5;4;3;4;3;4;Academia rooftop; Espaáo de pilates e relaxamento rooftop; Biblioteca/ sala de estudo; Espaáo Pet;Hortas Coletivas;; Sal∆o de festas; Ambiente de conv°vio ao ar livre; Piscina Aquecida;;;;;Serviáos de lavanderia;;; Porteiro;;;;;
10/27/2020 11:43:52;70 +;Feminino;Viuvo;Sozinho;4;4;1;5;5;2;; Espaáo de pilates e relaxamento rooftop;;;Hortas Coletivas;; Sal∆o de festas; Ambiente de conv°vio ao ar livre;;;Serviáos de atendimento mÇdico e enfermagem compartilhado;;;;; Professor de pilates compartilhado;;; Professor para aulas de danáa compartilhado;; Serviáo de compras de super mercado;
10/27/2020 11:45:15;40 a 50 anos;Masculino;Casado;Com o cìnjuge;4;4;4;5;5;3;; Espaáo de pilates e relaxamento rooftop;; Espaáo Pet;;; Sal∆o de festas;;;Automaá∆o do apartamento (Cortinas. luzes. fechadura. climatizaá∆o);;;;;;;;;;;;
10/27/2020 11:45:20;30 a 40 anos;Masculino;Casado;Com o cìnjuge e filhos;5;5;3;5;4;3;Academia rooftop;;;;;; Sal∆o de festas;;;;;;;;;;;;;;;
10/27/2020 11:45:39;30 a 40 anos;Feminino;Casado;Com o cìnjuge e filhos;4;4;2;5;3;3;Academia rooftop; Espaáo de pilates e relaxamento rooftop;; Espaáo Pet;Hortas Coletivas; Ambiente de Coworking para trabalho home oficce; Sal∆o de festas; Ambiente de conv°vio ao ar livre; Piscina Aquecida;Automaá∆o do apartamento (Cortinas. luzes. fechadura. climatizaá∆o);; Nutricionista compartilhada no condom°nio;;; Personal trainer compartilhado; Professor de pilates compartilhado; Porteiro; Biciclet†rio (com bicicletas) compartilhado; Professor para aulas de danáa compartilhado; Professor compartilhado para aulas de hidrogin†stica; Serviáo de compras de super mercado;
10/27/2020 11:46:15;30 a 40 anos;Feminino;Solteiro;Com o(s) filho(s);5;5;5;5;5;2;Academia rooftop;;;;Hortas Coletivas;;;;;;;;;; Personal trainer compartilhado; Professor de pilates compartilhado; Porteiro;;;;;
10/27/2020 11:46:39;50 a 60 anos;Feminino;Casado;Com o cìnjuge e filhos;5;5;5;5;5;5;Academia rooftop; Espaáo de pilates e relaxamento rooftop;;;Hortas Coletivas;; Sal∆o de festas; Ambiente de conv°vio ao ar livre;;Automaá∆o do apartamento (Cortinas. luzes. fechadura. climatizaá∆o);;;;; Personal trainer compartilhado; Professor de pilates compartilhado; Porteiro;;;;;
10/27/2020 11:46:58;40 a 50 anos;Masculino;Casado;Com o cìnjuge;3;5;2;4;4;2;;;;;;; Sal∆o de festas; Ambiente de conv°vio ao ar livre;;;;;;;;; Porteiro; Biciclet†rio (com bicicletas) compartilhado;;;;
10/27/2020 11:47:04;50 a 60 anos;Feminino;Casado;Com o cìnjuge e filhos;4;4;4;5;5;4;; Espaáo de pilates e relaxamento rooftop; Biblioteca/ sala de estudo;;;; Sal∆o de festas; Ambiente de conv°vio ao ar livre; Piscina Aquecida;;Serviáos de atendimento mÇdico e enfermagem compartilhado; Nutricionista compartilhada no condom°nio;;; Personal trainer compartilhado; Professor de pilates compartilhado;;; Professor para aulas de danáa compartilhado; Professor compartilhado para aulas de hidrogin†stica;;
10/27/2020 11:47:07;50 a 60 anos;Masculino;Casado;Com o cìnjuge e filhos;4;4;5;5;5;5;Academia rooftop;;;;;; Sal∆o de festas; Ambiente de conv°vio ao ar livre; Piscina Aquecida;Automaá∆o do apartamento (Cortinas. luzes. fechadura. climatizaá∆o);;;;;;;; Biciclet†rio (com bicicletas) compartilhado;;;;
10/27/2020 11:50:27;50 a 60 anos;Feminino;Casado;Com o cìnjuge e filhos;4;5;5;5;4;3;;;; Espaáo Pet;Hortas Coletivas; Ambiente de Coworking para trabalho home oficce; Sal∆o de festas; Ambiente de conv°vio ao ar livre;;Automaá∆o do apartamento (Cortinas. luzes. fechadura. climatizaá∆o);Serviáos de atendimento mÇdico e enfermagem compartilhado;;Dog walker; Serviáos de lavanderia; Personal trainer compartilhado;; Porteiro; Biciclet†rio (com bicicletas) compartilhado; Professor para aulas de danáa compartilhado;;;
10/27/2020 11:51:25;40 a 50 anos;Feminino;Casado;Com o cìnjuge e filhos;5;5;3;5;4;5;Academia rooftop;; Biblioteca/ sala de estudo;;; Ambiente de Coworking para trabalho home oficce; Sal∆o de festas; Ambiente de conv°vio ao ar livre; Piscina Aquecida;;;;;Serviáos de lavanderia;;; Porteiro; Biciclet†rio (com bicicletas) compartilhado;;;;
10/27/2020 11:51:59;40 a 50 anos;Masculino;Casado;Com o cìnjuge e filhos;5;5;5;5;3;5;Academia rooftop;;;;; Ambiente de Coworking para trabalho home oficce; Sal∆o de festas; Ambiente de conv°vio ao ar livre; Piscina Aquecida;Automaá∆o do apartamento (Cortinas. luzes. fechadura. climatizaá∆o);;;;;;; Porteiro;;;;;
10/27/2020 11:55:27;30 a 40 anos;Masculino;Casado;Com o cìnjuge;4;4;3;4;5;4;Academia rooftop;;;;; Ambiente de Coworking para trabalho home oficce; Sal∆o de festas; Ambiente de conv°vio ao ar livre;;;;;;;;; Porteiro;;;;;
10/27/2020 11:55:44;50 a 60 anos;Masculino;Casado;Com o cìnjuge;4;5;2;4;5;2;Academia rooftop;;; Espaáo Pet;;; Sal∆o de festas; Ambiente de conv°vio ao ar livre;;Automaá∆o do apartamento (Cortinas. luzes. fechadura. climatizaá∆o);Serviáos de atendimento mÇdico e enfermagem compartilhado;;;;;; Porteiro; Biciclet†rio (com bicicletas) compartilhado;;;;
10/27/2020 11:57:19;30 a 40 anos;Feminino;Divorciado;Com o(s) filho(s);4;4;3;4;4;3;Academia rooftop;;; Espaáo Pet;Hortas Coletivas;; Sal∆o de festas; Ambiente de conv°vio ao ar livre;;;;;;;;; Porteiro; Biciclet†rio (com bicicletas) compartilhado;;;;
10/27/2020 12:05:02;30 a 40 anos;Masculino;Casado;Com o cìnjuge e filhos;5;5;5;5;3;2;;;;;;; Sal∆o de festas; Ambiente de conv°vio ao ar livre;;Automaá∆o do apartamento (Cortinas. luzes. fechadura. climatizaá∆o);Serviáos de atendimento mÇdico e enfermagem compartilhado;;;; Personal trainer compartilhado; Professor de pilates compartilhado;; Biciclet†rio (com bicicletas) compartilhado;;; Serviáo de compras de super mercado;
10/27/2020 12:05:23;30 a 40 anos;Masculino;Casado;Com o cìnjuge e filhos;3;5;5;4;5;5;Academia rooftop;;;;;; Sal∆o de festas;;;;;;;;;;; Biciclet†rio (com bicicletas) compartilhado;;; Serviáo de compras de super mercado;
10/27/2020 12:05:46;40 a 50 anos;Masculino;Casado;Com o cìnjuge e filhos;5;5;4;5;5;5;Academia rooftop;;;;;; Sal∆o de festas; Ambiente de conv°vio ao ar livre;;;;;;;;;;;;;;Brinquedoteca 
10/27/2020 12:10:41;40 a 50 anos;Masculino;Casado;Com o cìnjuge;5;5;5;5;4;3;Academia rooftop; Espaáo de pilates e relaxamento rooftop; Biblioteca/ sala de estudo; Espaáo Pet;Hortas Coletivas;; Sal∆o de festas; Ambiente de conv°vio ao ar livre;;;Serviáos de atendimento mÇdico e enfermagem compartilhado;;;;;; Porteiro;;;;;
10/27/2020 12:19:17;40 a 50 anos;Feminino;Casado;Com o cìnjuge e filhos;3;5;5;5;5;3;Academia rooftop;;;;;; Sal∆o de festas; Ambiente de conv°vio ao ar livre; Piscina Aquecida;Automaá∆o do apartamento (Cortinas. luzes. fechadura. climatizaá∆o);;;;;;; Porteiro;;;;;
10/27/2020 12:21:56;50 a 60 anos;Feminino;Casado;Com o cìnjuge;4;3;3;5;5;3;;;; Espaáo Pet;Hortas Coletivas; Ambiente de Coworking para trabalho home oficce; Sal∆o de festas; Ambiente de conv°vio ao ar livre;;;Serviáos de atendimento mÇdico e enfermagem compartilhado; Nutricionista compartilhada no condom°nio;;;;; Porteiro; Biciclet†rio (com bicicletas) compartilhado;;; Serviáo de compras de super mercado;
10/27/2020 12:30:22;40 a 50 anos;Feminino;Solteiro;Com os pais;4;5;2;5;5;3;Academia rooftop; Espaáo de pilates e relaxamento rooftop;; Espaáo Pet;Hortas Coletivas;; Sal∆o de festas; Ambiente de conv°vio ao ar livre;;Automaá∆o do apartamento (Cortinas. luzes. fechadura. climatizaá∆o);;;; Serviáos de lavanderia;;; Porteiro; Biciclet†rio (com bicicletas) compartilhado;;;;
10/27/2020 12:31:27;40 a 50 anos;Masculino;Casado;Com o cìnjuge;4;5;5;5;5;3;Academia rooftop;; Biblioteca/ sala de estudo;;Hortas Coletivas;; Sal∆o de festas; Ambiente de conv°vio ao ar livre;;Automaá∆o do apartamento (Cortinas. luzes. fechadura. climatizaá∆o);;;;;;;;;;; Serviáo de compras de super mercado;
10/27/2020 12:38:20;50 a 60 anos;Feminino;Casado;Com o cìnjuge;3;4;3;5;3;3;Academia rooftop;; Biblioteca/ sala de estudo; Espaáo Pet;;; Sal∆o de festas;;;;;;;;;; Porteiro;;; Professor compartilhado para aulas de hidrogin†stica;;
10/27/2020 12:38:41;50 a 60 anos;Feminino;Casado;Com o cìnjuge e filhos;4;5;4;5;5;4;Academia rooftop;;; Espaáo Pet;;; Sal∆o de festas; Ambiente de conv°vio ao ar livre; Piscina Aquecida;;;;;; Personal trainer compartilhado; Professor de pilates compartilhado; Porteiro; Biciclet†rio (com bicicletas) compartilhado; Professor para aulas de danáa compartilhado; Professor compartilhado para aulas de hidrogin†stica; Serviáo de compras de super mercado;
10/27/2020 12:39:21;40 a 50 anos;Masculino;Casado;Com o cìnjuge e filhos;3;4;2;4;3;1;;;;;;; Sal∆o de festas; Ambiente de conv°vio ao ar livre;;;;;;; Personal trainer compartilhado;;;;;;;
10/27/2020 12:44:59;40 a 50 anos;Feminino;Casado;Com o cìnjuge;4;5;5;4;5;3;Academia rooftop;;;;; Ambiente de Coworking para trabalho home oficce; Sal∆o de festas;; Piscina Aquecida;Automaá∆o do apartamento (Cortinas. luzes. fechadura. climatizaá∆o);;;;;;; Porteiro;;;;;
10/27/2020 12:49:40;40 a 50 anos;Masculino;Casado;Com o cìnjuge;4;4;4;5;5;2;;;;;Hortas Coletivas; Ambiente de Coworking para trabalho home oficce; Sal∆o de festas; Ambiente de conv°vio ao ar livre;;;Serviáos de atendimento mÇdico e enfermagem compartilhado;;;;;; Porteiro;;;; Serviáo de compras de super mercado;Quadra de esporte
10/27/2020 12:54:33;30 a 40 anos;Feminino;Casado;Com o cìnjuge e filhos;5;4;4;4;3;4;Academia rooftop;;;;Hortas Coletivas; Ambiente de Coworking para trabalho home oficce; Sal∆o de festas;;;;;;;;;;;;;;;
10/27/2020 12:57:24;20 a 30 anos;Masculino;Solteiro;Com o cìnjuge;4;5;3;5;2;5;Academia rooftop;;;;;;; Ambiente de conv°vio ao ar livre; Piscina Aquecida;;;;;;;;; Biciclet†rio (com bicicletas) compartilhado;;;;
10/27/2020 12:58:36;40 a 50 anos;Masculino;Casado;Com o cìnjuge;4;5;5;5;3;3;;;;;;;;;;Automaá∆o do apartamento (Cortinas. luzes. fechadura. climatizaá∆o);;;;;;; Porteiro;;;;;
10/27/2020 13:01:08;60 a 70 anos;Feminino;Casado;Com o cìnjuge;5;5;5;5;5;3;Academia rooftop;;; Espaáo Pet;Hortas Coletivas;; Sal∆o de festas; Ambiente de conv°vio ao ar livre;;;;;;;;;;;;;;
10/27/2020 13:02:03;50 a 60 anos;Masculino;Casado;Com o cìnjuge e filhos;5;4;4;4;3;5;;;; Espaáo Pet;Hortas Coletivas;; Sal∆o de festas; Ambiente de conv°vio ao ar livre; Piscina Aquecida;Automaá∆o do apartamento (Cortinas. luzes. fechadura. climatizaá∆o);;;;;;; Porteiro;;;;;
10/27/2020 13:03:18;30 a 40 anos;Feminino;Casado;Com o cìnjuge;3;4;2;5;5;3;Academia rooftop;;;;; Ambiente de Coworking para trabalho home oficce; Sal∆o de festas;; Piscina Aquecida;;; Nutricionista compartilhada no condom°nio;Dog walker;; Personal trainer compartilhado; Professor de pilates compartilhado; Porteiro;; Professor para aulas de danáa compartilhado; Professor compartilhado para aulas de hidrogin†stica;;
10/27/2020 13:04:01;30 a 40 anos;Feminino;Casado;Com o cìnjuge;5;5;5;5;3;2;Academia rooftop; Espaáo de pilates e relaxamento rooftop; Biblioteca/ sala de estudo; Espaáo Pet;Hortas Coletivas; Ambiente de Coworking para trabalho home oficce; Sal∆o de festas; Ambiente de conv°vio ao ar livre; Piscina Aquecida;;;;;Serviáos de lavanderia;;; Porteiro; Biciclet†rio (com bicicletas) compartilhado; Professor para aulas de danáa compartilhado;;;
10/27/2020 13:05:05;40 a 50 anos;Feminino;Casado;Com o cìnjuge e filhos;3;5;3;5;4;5;Academia rooftop;; Biblioteca/ sala de estudo;;;;;;;Automaá∆o do apartamento (Cortinas. luzes. fechadura. climatizaá∆o);; Nutricionista compartilhada no condom°nio;;;;;;;; Professor compartilhado para aulas de hidrogin†stica; Serviáo de compras de super mercado;
10/27/2020 13:13:52;40 a 50 anos;Masculino;Solteiro;Sozinho;3;5;3;4;4;4;Academia rooftop;; Biblioteca/ sala de estudo; Espaáo Pet;Hortas Coletivas; Ambiente de Coworking para trabalho home oficce; Sal∆o de festas;;;Automaá∆o do apartamento (Cortinas. luzes. fechadura. climatizaá∆o);;;; Serviáos de lavanderia;;; Porteiro; Biciclet†rio (com bicicletas) compartilhado;;;;
10/27/2020 13:14:04;40 a 50 anos;Feminino;Casado;Com o cìnjuge e filhos;5;5;5;5;5;3;; Espaáo de pilates e relaxamento rooftop;; Espaáo Pet;Hortas Coletivas;;; Ambiente de conv°vio ao ar livre;;;Serviáos de atendimento mÇdico e enfermagem compartilhado; Nutricionista compartilhada no condom°nio;;; Personal trainer compartilhado; Professor de pilates compartilhado;;; Professor para aulas de danáa compartilhado;;;Profissional para serviáos gerais, manutená∆o 
10/27/2020 13:16:45;30 a 40 anos;Masculino;Casado;Com o cìnjuge e filhos;5;5;4;3;4;2;;;;;;;; Ambiente de conv°vio ao ar livre;;;;;;;;;;;;;;
10/27/2020 13:21:41;40 a 50 anos;Feminino;Casado;Com o cìnjuge e filhos;4;4;4;5;2;4;Academia rooftop;; Biblioteca/ sala de estudo;;Hortas Coletivas;; Sal∆o de festas; Ambiente de conv°vio ao ar livre; Piscina Aquecida;;;;;;;; Porteiro; Biciclet†rio (com bicicletas) compartilhado; Professor para aulas de danáa compartilhado;;;
10/27/2020 13:27:17;30 a 40 anos;Masculino;Casado;Com o cìnjuge e filhos;5;5;5;5;5;2;Academia rooftop;;;;;; Sal∆o de festas; Ambiente de conv°vio ao ar livre; Piscina Aquecida;Automaá∆o do apartamento (Cortinas. luzes. fechadura. climatizaá∆o);;;;;;;;;;;;
10/27/2020 13:27:23;30 a 40 anos;Masculino;Casado;Com o cìnjuge e filhos;4;5;3;5;3;5;Academia rooftop; Espaáo de pilates e relaxamento rooftop;;;Hortas Coletivas;;; Ambiente de conv°vio ao ar livre; Piscina Aquecida;Automaá∆o do apartamento (Cortinas. luzes. fechadura. climatizaá∆o);Serviáos de atendimento mÇdico e enfermagem compartilhado; Nutricionista compartilhada no condom°nio;; Serviáos de lavanderia; Personal trainer compartilhado;; Porteiro;;;;;
10/27/2020 13:29:14;30 a 40 anos;Masculino;Casado;Com o cìnjuge e filhos;5;5;5;5;5;5;Academia rooftop;;; Espaáo Pet;;; Sal∆o de festas; Ambiente de conv°vio ao ar livre; Piscina Aquecida;Automaá∆o do apartamento (Cortinas. luzes. fechadura. climatizaá∆o);;;; Serviáos de lavanderia; Personal trainer compartilhado;; Porteiro; Biciclet†rio (com bicicletas) compartilhado;;;;
10/27/2020 13:44:15;30 a 40 anos;Feminino;Casado;Com o cìnjuge;5;4;4;5;5;2;Academia rooftop;;;;;;;;;;;;Dog walker;;;;;;;;;
10/27/2020 13:54:52;40 a 50 anos;Masculino;Casado;Com o cìnjuge e filhos;5;5;5;5;4;4;;;;;;; Sal∆o de festas; Ambiente de conv°vio ao ar livre;;;;;;Serviáos de lavanderia;;; Porteiro; Biciclet†rio (com bicicletas) compartilhado;;;;
10/27/2020 13:57:03;50 a 60 anos;Feminino;Casado;Com o cìnjuge e filhos;5;5;3;5;4;4;Academia rooftop;;;;;; Sal∆o de festas; Ambiente de conv°vio ao ar livre; Piscina Aquecida;;;;;; Personal trainer compartilhado;;;;;; Serviáo de compras de super mercado;
10/27/2020 14:02:31;30 a 40 anos;Feminino;Casado;Com o cìnjuge;5;5;5;5;5;4;Academia rooftop;;; Espaáo Pet;;; Sal∆o de festas; Ambiente de conv°vio ao ar livre; Piscina Aquecida;Automaá∆o do apartamento (Cortinas. luzes. fechadura. climatizaá∆o);;;;; Personal trainer compartilhado;; Porteiro; Biciclet†rio (com bicicletas) compartilhado;;;;
10/27/2020 14:03:37;50 a 60 anos;Masculino;Casado;Com o cìnjuge e filhos;4;4;3;5;3;4;Academia rooftop;; Biblioteca/ sala de estudo; Espaáo Pet;;; Sal∆o de festas; Ambiente de conv°vio ao ar livre; Piscina Aquecida;;;;;;;; Porteiro; Biciclet†rio (com bicicletas) compartilhado;;;;
10/27/2020 14:20:24;40 a 50 anos;Feminino;Casado;Com o cìnjuge e filhos;4;5;3;5;5;2;Academia rooftop;; Biblioteca/ sala de estudo; Espaáo Pet;;;; Ambiente de conv°vio ao ar livre; Piscina Aquecida;;;;;Serviáos de lavanderia;;; Porteiro;;;;;
10/27/2020 14:42:48;60 a 70 anos;Feminino;Casado;Com o cìnjuge;3;5;5;5;3;5;Academia rooftop;; Biblioteca/ sala de estudo;;Hortas Coletivas;; Sal∆o de festas; Ambiente de conv°vio ao ar livre; Piscina Aquecida;Automaá∆o do apartamento (Cortinas. luzes. fechadura. climatizaá∆o);Serviáos de atendimento mÇdico e enfermagem compartilhado;;; Serviáos de lavanderia;;; Porteiro;;; Professor compartilhado para aulas de hidrogin†stica;;
10/27/2020 14:45:11;30 a 40 anos;Feminino;Casado;Com o cìnjuge e filhos;5;5;5;4;4;3;Academia rooftop;;;;;; Sal∆o de festas;;;Automaá∆o do apartamento (Cortinas. luzes. fechadura. climatizaá∆o);;;;; Personal trainer compartilhado; Professor de pilates compartilhado;;;;;;
10/27/2020 15:12:01;70 +;Masculino;Casado;Com o cìnjuge;5;3;4;5;5;4;Academia rooftop;;; Espaáo Pet;;; Sal∆o de festas;; Piscina Aquecida;Automaá∆o do apartamento (Cortinas. luzes. fechadura. climatizaá∆o);;;;;;; Porteiro;;; Professor compartilhado para aulas de hidrogin†stica;;Proteá∆o contra incàndio - hidrantes etc
10/27/2020 15:15:33;40 a 50 anos;Masculino;Casado;Com o cìnjuge e filhos;5;5;5;5;4;4;;;;;;; Sal∆o de festas; Ambiente de conv°vio ao ar livre;;;;;;Serviáos de lavanderia;;; Porteiro; Biciclet†rio (com bicicletas) compartilhado;;;;
10/27/2020 15:16:23;30 a 40 anos;Masculino;Divorciado;Com o cìnjuge e filhos;4;4;4;4;4;4;Academia rooftop;;;;;; Sal∆o de festas; Ambiente de conv°vio ao ar livre; Piscina Aquecida;Automaá∆o do apartamento (Cortinas. luzes. fechadura. climatizaá∆o);;;;;;; Porteiro; Biciclet†rio (com bicicletas) compartilhado;;;;
10/27/2020 15:26:33;50 a 60 anos;Masculino;Casado;Com o cìnjuge e filhos;4;4;3;5;3;4;Academia rooftop;; Biblioteca/ sala de estudo; Espaáo Pet;;; Sal∆o de festas; Ambiente de conv°vio ao ar livre; Piscina Aquecida;;;;;;;; Porteiro; Biciclet†rio (com bicicletas) compartilhado;;;;
10/27/2020 15:41:37;40 a 50 anos;Feminino;Casado;Com o cìnjuge e filhos;3;5;3;5;4;5;Academia rooftop;; Biblioteca/ sala de estudo;;;;;;;Automaá∆o do apartamento (Cortinas. luzes. fechadura. climatizaá∆o);; Nutricionista compartilhada no condom°nio;;;;;;;; Professor compartilhado para aulas de hidrogin†stica; Serviáo de compras de super mercado;
10/27/2020 15:44:37;40 a 50 anos;Masculino;Solteiro;Com o cìnjuge;3;5;1;5;5;1;Academia rooftop;;;;;;;; Piscina Aquecida;;Serviáos de atendimento mÇdico e enfermagem compartilhado;;; Serviáos de lavanderia;;;; Biciclet†rio (com bicicletas) compartilhado;;;;Nao
10/27/2020 15:52:09;30 a 40 anos;Feminino;Casado;Com o cìnjuge e filhos;5;4;3;3;3;5;;;;;;; Sal∆o de festas; Ambiente de conv°vio ao ar livre; Piscina Aquecida;;;;;;;; Porteiro;;;;;
10/27/2020 15:52:28;60 a 70 anos;Feminino;Casado;Com o cìnjuge;5;5;5;5;5;4;Academia rooftop;;;;;; Sal∆o de festas; Ambiente de conv°vio ao ar livre;;;;;;;;; Porteiro;;;;;
10/27/2020 15:53:37;20 a 30 anos;Feminino;Solteiro;Com os pais;4;5;3;5;4;3;Academia rooftop; Espaáo de pilates e relaxamento rooftop;; Espaáo Pet;Hortas Coletivas;; Sal∆o de festas; Ambiente de conv°vio ao ar livre;;Automaá∆o do apartamento (Cortinas. luzes. fechadura. climatizaá∆o);Serviáos de atendimento mÇdico e enfermagem compartilhado; Nutricionista compartilhada no condom°nio;Dog walker; Serviáos de lavanderia; Personal trainer compartilhado; Professor de pilates compartilhado; Porteiro; Biciclet†rio (com bicicletas) compartilhado; Professor para aulas de danáa compartilhado;; Serviáo de compras de super mercado;
10/27/2020 15:54:06;40 a 50 anos;Feminino;Casado;Com o cìnjuge;4;5;3;5;3;4;Academia rooftop;;;;;; Sal∆o de festas; Ambiente de conv°vio ao ar livre; Piscina Aquecida;Automaá∆o do apartamento (Cortinas. luzes. fechadura. climatizaá∆o);;;;;;; Porteiro; Biciclet†rio (com bicicletas) compartilhado;; Professor compartilhado para aulas de hidrogin†stica;;
10/27/2020 15:55:02;30 a 40 anos;Feminino;Solteiro;Com os pais;4;4;5;4;5;3;;;;;Hortas Coletivas;; Sal∆o de festas;;;Automaá∆o do apartamento (Cortinas. luzes. fechadura. climatizaá∆o);;;; Serviáos de lavanderia;;; Porteiro;;;;;
10/27/2020 15:57:08;40 a 50 anos;Feminino;Casado;Com o cìnjuge e filhos;5;4;4;5;5;3;;;;;Hortas Coletivas; Ambiente de Coworking para trabalho home oficce; Sal∆o de festas; Ambiente de conv°vio ao ar livre;;;;;;; Personal trainer compartilhado; Professor de pilates compartilhado; Porteiro; Biciclet†rio (com bicicletas) compartilhado;;;;
10/27/2020 15:58:44;40 a 50 anos;Masculino;Solteiro;Sozinho;3;5;5;4;4;1;Academia rooftop;;; Espaáo Pet;; Ambiente de Coworking para trabalho home oficce;;;;Automaá∆o do apartamento (Cortinas. luzes. fechadura. climatizaá∆o);;;;;;;; Biciclet†rio (com bicicletas) compartilhado;;;;
10/27/2020 15:58:54;50 a 60 anos;Feminino;Casado;Com o cìnjuge e filhos;5;5;5;5;5;5;Academia rooftop; Espaáo de pilates e relaxamento rooftop;; Espaáo Pet;Hortas Coletivas; Ambiente de Coworking para trabalho home oficce; Sal∆o de festas; Ambiente de conv°vio ao ar livre; Piscina Aquecida;;;;;; Personal trainer compartilhado; Professor de pilates compartilhado; Porteiro;;;; Serviáo de compras de super mercado;
10/27/2020 15:59:56;40 a 50 anos;Feminino;Casado;Com o cìnjuge e filhos;5;5;3;5;3;4;Academia rooftop; Espaáo de pilates e relaxamento rooftop;;;Hortas Coletivas;; Sal∆o de festas;;;Automaá∆o do apartamento (Cortinas. luzes. fechadura. climatizaá∆o);;;; Serviáos de lavanderia; Personal trainer compartilhado;; Porteiro; Biciclet†rio (com bicicletas) compartilhado;;;;
10/27/2020 16:03:07;30 a 40 anos;Feminino;Solteiro;Com o cìnjuge;4;5;3;5;5;5;; Espaáo de pilates e relaxamento rooftop; Biblioteca/ sala de estudo;;Hortas Coletivas; Ambiente de Coworking para trabalho home oficce; Sal∆o de festas; Ambiente de conv°vio ao ar livre; Piscina Aquecida;;; Nutricionista compartilhada no condom°nio;;; Personal trainer compartilhado; Professor de pilates compartilhado;; Biciclet†rio (com bicicletas) compartilhado; Professor para aulas de danáa compartilhado; Professor compartilhado para aulas de hidrogin†stica;;
10/27/2020 16:03:11;30 a 40 anos;Feminino;Casado;Com o cìnjuge e filhos;4;5;5;4;3;3;;;; Espaáo Pet;; Ambiente de Coworking para trabalho home oficce; Sal∆o de festas; Ambiente de conv°vio ao ar livre; Piscina Aquecida;;;;;;;; Porteiro; Biciclet†rio (com bicicletas) compartilhado;; Professor compartilhado para aulas de hidrogin†stica;;
10/27/2020 16:03:38;30 a 40 anos;Feminino;Casado;Com o cìnjuge e filhos;4;4;3;3;4;5;Academia rooftop;;;;;; Sal∆o de festas; Ambiente de conv°vio ao ar livre; Piscina Aquecida;;;;;; Personal trainer compartilhado;; Porteiro;;;;;
10/27/2020 16:04:11;50 a 60 anos;Feminino;Divorciado;Com o cìnjuge e filhos;5;5;5;5;3;4;Academia rooftop; Espaáo de pilates e relaxamento rooftop;;;Hortas Coletivas; Ambiente de Coworking para trabalho home oficce; Sal∆o de festas; Ambiente de conv°vio ao ar livre; Piscina Aquecida;Automaá∆o do apartamento (Cortinas. luzes. fechadura. climatizaá∆o);Serviáos de atendimento mÇdico e enfermagem compartilhado;;; Serviáos de lavanderia; Personal trainer compartilhado; Professor de pilates compartilhado; Porteiro;; Professor para aulas de danáa compartilhado; Professor compartilhado para aulas de hidrogin†stica; Serviáo de compras de super mercado;
10/27/2020 16:07:28;50 a 60 anos;Feminino;Divorciado;Sozinho;5;5;4;5;5;2;Academia rooftop;;; Espaáo Pet;;; Sal∆o de festas;;;;; Nutricionista compartilhada no condom°nio;Dog walker; Serviáos de lavanderia; Personal trainer compartilhado;; Porteiro;;;;;
10/27/2020 16:10:52;60 a 70 anos;Feminino;Viuvo;Sozinho;2;5;2;5;5;5;Academia rooftop; Espaáo de pilates e relaxamento rooftop;;;Hortas Coletivas;; Sal∆o de festas; Ambiente de conv°vio ao ar livre; Piscina Aquecida;Automaá∆o do apartamento (Cortinas. luzes. fechadura. climatizaá∆o);;;;; Personal trainer compartilhado;; Porteiro;;; Professor compartilhado para aulas de hidrogin†stica;;
10/27/2020 16:11:37;50 a 60 anos;Feminino;Divorciado;Sozinho;4;5;5;5;5;4;Academia rooftop; Espaáo de pilates e relaxamento rooftop;;;;; Sal∆o de festas; Ambiente de conv°vio ao ar livre;;Automaá∆o do apartamento (Cortinas. luzes. fechadura. climatizaá∆o);;;;;;;;;;;;
10/27/2020 16:12:05;30 a 40 anos;Feminino;Casado;Com o cìnjuge;3;5;5;3;4;5;Academia rooftop;;;;;; Sal∆o de festas;; Piscina Aquecida;;;;;; Personal trainer compartilhado;;;;;;;Quadra tànis 
10/27/2020 16:12:05;50 a 60 anos;Feminino;Casado;Com o cìnjuge e filhos;5;5;5;5;5;3;Academia rooftop;;; Espaáo Pet;;; Sal∆o de festas; Ambiente de conv°vio ao ar livre;;Automaá∆o do apartamento (Cortinas. luzes. fechadura. climatizaá∆o);;;;;;; Porteiro;;;;;
10/27/2020 16:12:12;40 a 50 anos;Feminino;Solteiro;Com o(s) filho(s);3;5;4;5;5;5;Academia rooftop; Espaáo de pilates e relaxamento rooftop; Biblioteca/ sala de estudo; Espaáo Pet;Hortas Coletivas; Ambiente de Coworking para trabalho home oficce; Sal∆o de festas; Ambiente de conv°vio ao ar livre; Piscina Aquecida;;;;;; Personal trainer compartilhado; Professor de pilates compartilhado; Porteiro;;;;;
10/27/2020 16:12:26;60 a 70 anos;Feminino;Casado;Com o cìnjuge e filhos;3;4;3;5;3;3;Academia rooftop;;;;Hortas Coletivas;; Sal∆o de festas; Ambiente de conv°vio ao ar livre;;Automaá∆o do apartamento (Cortinas. luzes. fechadura. climatizaá∆o);Serviáos de atendimento mÇdico e enfermagem compartilhado;;;; Personal trainer compartilhado;;;; Professor para aulas de danáa compartilhado;;;
10/27/2020 16:12:37;40 a 50 anos;Feminino;Divorciado;Com o(s) filho(s);3;5;4;5;4;4;;;;;Hortas Coletivas; Ambiente de Coworking para trabalho home oficce; Sal∆o de festas; Ambiente de conv°vio ao ar livre; Piscina Aquecida;;Serviáos de atendimento mÇdico e enfermagem compartilhado;;;; Personal trainer compartilhado;;;;; Professor compartilhado para aulas de hidrogin†stica;;
10/27/2020 16:13:04;50 a 60 anos;Masculino;Divorciado;Sozinho;5;5;3;5;4;1;;;;;Hortas Coletivas;;;; Piscina Aquecida;;;;;Serviáos de lavanderia;;; Porteiro;;;;;
10/27/2020 16:14:53;20 a 30 anos;Feminino;Solteiro;Sozinho;3;5;4;4;4;2;Academia rooftop;;;;;; Sal∆o de festas; Ambiente de conv°vio ao ar livre;;;;;; Serviáos de lavanderia; Personal trainer compartilhado;; Porteiro;;;;;
10/27/2020 16:16:06;30 a 40 anos;Feminino;Solteiro;Com os pais;5;5;5;3;5;1;;;;;;;;; Piscina Aquecida;;;;;Serviáos de lavanderia;;; Porteiro;;;;;
10/27/2020 16:16:28;40 a 50 anos;Feminino;Casado;Com o cìnjuge e filhos;5;5;5;5;5;5;Academia rooftop; Espaáo de pilates e relaxamento rooftop;; Espaáo Pet;Hortas Coletivas;; Sal∆o de festas; Ambiente de conv°vio ao ar livre; Piscina Aquecida;;;;;;;; Porteiro; Biciclet†rio (com bicicletas) compartilhado;;;;
10/27/2020 16:21:54;40 a 50 anos;Feminino;Casado;Com o cìnjuge e filhos;5;5;5;5;5;5;Academia rooftop; Espaáo de pilates e relaxamento rooftop; Biblioteca/ sala de estudo;;; Ambiente de Coworking para trabalho home oficce; Sal∆o de festas; Ambiente de conv°vio ao ar livre; Piscina Aquecida;Automaá∆o do apartamento (Cortinas. luzes. fechadura. climatizaá∆o);Serviáos de atendimento mÇdico e enfermagem compartilhado; Nutricionista compartilhada no condom°nio;; Serviáos de lavanderia; Personal trainer compartilhado; Professor de pilates compartilhado; Porteiro; Biciclet†rio (com bicicletas) compartilhado; Professor para aulas de danáa compartilhado; Professor compartilhado para aulas de hidrogin†stica; Serviáo de compras de super mercado;
10/27/2020 16:25:14;20 a 30 anos;Feminino;Solteiro;Com os pais;4;5;3;5;4;3;Academia rooftop; Espaáo de pilates e relaxamento rooftop;; Espaáo Pet;Hortas Coletivas;; Sal∆o de festas; Ambiente de conv°vio ao ar livre;;Automaá∆o do apartamento (Cortinas. luzes. fechadura. climatizaá∆o);Serviáos de atendimento mÇdico e enfermagem compartilhado; Nutricionista compartilhada no condom°nio;Dog walker; Serviáos de lavanderia; Personal trainer compartilhado; Professor de pilates compartilhado; Porteiro; Biciclet†rio (com bicicletas) compartilhado; Professor para aulas de danáa compartilhado;; Serviáo de compras de super mercado;
10/27/2020 16:26:52;50 a 60 anos;Masculino;Casado;Com o cìnjuge e filhos;5;5;5;5;3;5;Academia rooftop;;;;; Ambiente de Coworking para trabalho home oficce; Sal∆o de festas; Ambiente de conv°vio ao ar livre;;Automaá∆o do apartamento (Cortinas. luzes. fechadura. climatizaá∆o);;;; Serviáos de lavanderia;;;; Biciclet†rio (com bicicletas) compartilhado;;;;
10/27/2020 16:28:25;50 a 60 anos;Feminino;Divorciado;Sozinho;4;5;3;5;5;1;;;;;Hortas Coletivas;;; Ambiente de conv°vio ao ar livre;;Automaá∆o do apartamento (Cortinas. luzes. fechadura. climatizaá∆o);Serviáos de atendimento mÇdico e enfermagem compartilhado;;;;;;; Biciclet†rio (com bicicletas) compartilhado;;;;
10/27/2020 16:31:14;20 a 30 anos;Feminino;Solteiro;Com os pais;3;5;3;5;4;4;Academia rooftop; Espaáo de pilates e relaxamento rooftop; Biblioteca/ sala de estudo; Espaáo Pet;Hortas Coletivas; Ambiente de Coworking para trabalho home oficce; Sal∆o de festas; Ambiente de conv°vio ao ar livre; Piscina Aquecida;Automaá∆o do apartamento (Cortinas. luzes. fechadura. climatizaá∆o);Serviáos de atendimento mÇdico e enfermagem compartilhado; Nutricionista compartilhada no condom°nio;Dog walker; Serviáos de lavanderia; Personal trainer compartilhado; Professor de pilates compartilhado; Porteiro; Biciclet†rio (com bicicletas) compartilhado; Professor para aulas de danáa compartilhado; Professor compartilhado para aulas de hidrogin†stica; Serviáo de compras de super mercado;
10/27/2020 16:35:58;40 a 50 anos;Feminino;Divorciado;Com o(s) filho(s);5;5;5;4;4;3;Academia rooftop;;;;;; Sal∆o de festas; Ambiente de conv°vio ao ar livre;;;;;;Serviáos de lavanderia;;; Porteiro; Biciclet†rio (com bicicletas) compartilhado;;; Serviáo de compras de super mercado;
10/27/2020 16:47:13;30 a 40 anos;Masculino;Casado;Com o cìnjuge e filhos;5;5;5;5;5;5;Academia rooftop;;;;Hortas Coletivas; Ambiente de Coworking para trabalho home oficce; Sal∆o de festas; Ambiente de conv°vio ao ar livre; Piscina Aquecida;Automaá∆o do apartamento (Cortinas. luzes. fechadura. climatizaá∆o);Serviáos de atendimento mÇdico e enfermagem compartilhado; Nutricionista compartilhada no condom°nio;; Serviáos de lavanderia; Personal trainer compartilhado;; Porteiro;;;; Serviáo de compras de super mercado;
10/27/2020 16:51:59;50 a 60 anos;Feminino;Casado;Com o cìnjuge e filhos;5;5;5;5;5;5;Academia rooftop; Espaáo de pilates e relaxamento rooftop; Biblioteca/ sala de estudo;;;; Sal∆o de festas; Ambiente de conv°vio ao ar livre;;;Serviáos de atendimento mÇdico e enfermagem compartilhado; Nutricionista compartilhada no condom°nio;;; Personal trainer compartilhado; Professor de pilates compartilhado; Porteiro;; Professor para aulas de danáa compartilhado; Professor compartilhado para aulas de hidrogin†stica;;
10/27/2020 16:53:55;50 a 60 anos;Feminino;Casado;Com o cìnjuge;4;4;3;5;5;4;Academia rooftop; Espaáo de pilates e relaxamento rooftop;;;;; Sal∆o de festas; Ambiente de conv°vio ao ar livre; Piscina Aquecida;Automaá∆o do apartamento (Cortinas. luzes. fechadura. climatizaá∆o);;;;; Personal trainer compartilhado; Professor de pilates compartilhado; Porteiro;; Professor para aulas de danáa compartilhado; Professor compartilhado para aulas de hidrogin†stica;;
10/27/2020 17:08:14;50 a 60 anos;Feminino;Casado;Com o cìnjuge e filhos;5;5;5;5;5;5;Academia rooftop;;;;Hortas Coletivas; Ambiente de Coworking para trabalho home oficce; Sal∆o de festas;; Piscina Aquecida;Automaá∆o do apartamento (Cortinas. luzes. fechadura. climatizaá∆o);;;;; Personal trainer compartilhado; Professor de pilates compartilhado; Porteiro; Biciclet†rio (com bicicletas) compartilhado;; Professor compartilhado para aulas de hidrogin†stica;;N∆o 
10/27/2020 17:14:41;30 a 40 anos;Feminino;Casado;Com o cìnjuge e filhos;5;3;3;5;5;2;;;;;;; Sal∆o de festas;;;Automaá∆o do apartamento (Cortinas. luzes. fechadura. climatizaá∆o);;;;;;;;;;;;
10/27/2020 17:19:28;40 a 50 anos;Masculino;Solteiro;Sozinho;3;4;2;5;4;3;;;;;Hortas Coletivas; Ambiente de Coworking para trabalho home oficce; Sal∆o de festas; Ambiente de conv°vio ao ar livre; Piscina Aquecida;;;;;;;;;;;;;
10/27/2020 17:35:24;40 a 50 anos;Feminino;Casado;Com o cìnjuge;5;5;3;4;5;5;Academia rooftop;; Biblioteca/ sala de estudo;;Hortas Coletivas;; Sal∆o de festas; Ambiente de conv°vio ao ar livre; Piscina Aquecida;Automaá∆o do apartamento (Cortinas. luzes. fechadura. climatizaá∆o);Serviáos de atendimento mÇdico e enfermagem compartilhado; Nutricionista compartilhada no condom°nio;; Serviáos de lavanderia;; Professor de pilates compartilhado;;; Professor para aulas de danáa compartilhado; Professor compartilhado para aulas de hidrogin†stica; Serviáo de compras de super mercado;
10/27/2020 17:39:04;40 a 50 anos;Feminino;Solteiro;Sozinho;5;4;5;5;5;3;;;; Espaáo Pet;Hortas Coletivas;; Sal∆o de festas;;;Automaá∆o do apartamento (Cortinas. luzes. fechadura. climatizaá∆o);; Nutricionista compartilhada no condom°nio;;;;; Porteiro;;;; Serviáo de compras de super mercado;
10/27/2020 17:51:23;50 a 60 anos;Feminino;Casado;Com o cìnjuge;4;5;5;5;5;5;Academia rooftop; Espaáo de pilates e relaxamento rooftop;; Espaáo Pet;;; Sal∆o de festas;; Piscina Aquecida;Automaá∆o do apartamento (Cortinas. luzes. fechadura. climatizaá∆o);Serviáos de atendimento mÇdico e enfermagem compartilhado;;;; Personal trainer compartilhado; Professor de pilates compartilhado; Porteiro;;; Professor compartilhado para aulas de hidrogin†stica;;
10/27/2020 18:01:44;40 a 50 anos;Masculino;Solteiro;Sozinho;3;5;5;4;4;1;Academia rooftop;;; Espaáo Pet;; Ambiente de Coworking para trabalho home oficce;;;;Automaá∆o do apartamento (Cortinas. luzes. fechadura. climatizaá∆o);;;;;;;; Biciclet†rio (com bicicletas) compartilhado;;;;
10/27/2020 18:15:50;50 a 60 anos;Masculino;Casado;Com o cìnjuge e filhos;5;5;5;5;3;3;Academia rooftop;;;;;; Sal∆o de festas;;;;;;;; Personal trainer compartilhado;; Porteiro;;;; Serviáo de compras de super mercado;
10/27/2020 18:17:39;40 a 50 anos;Feminino;Divorciado;Com o(s) filho(s);4;5;5;4;5;3;;;;;;; Sal∆o de festas; Ambiente de conv°vio ao ar livre;;;;;;;;; Porteiro; Biciclet†rio (com bicicletas) compartilhado;;;;
10/27/2020 18:22:23;40 a 50 anos;Feminino;Casado;Com o cìnjuge e filhos;5;5;5;5;4;4;Academia rooftop;;;;;; Sal∆o de festas; Ambiente de conv°vio ao ar livre;;;;;;; Personal trainer compartilhado;; Porteiro; Biciclet†rio (com bicicletas) compartilhado;;;;
10/27/2020 18:24:25;50 a 60 anos;Feminino;Divorciado;Com o cìnjuge e filhos;5;5;5;5;3;4;Academia rooftop; Espaáo de pilates e relaxamento rooftop;;;Hortas Coletivas; Ambiente de Coworking para trabalho home oficce; Sal∆o de festas; Ambiente de conv°vio ao ar livre; Piscina Aquecida;Automaá∆o do apartamento (Cortinas. luzes. fechadura. climatizaá∆o);Serviáos de atendimento mÇdico e enfermagem compartilhado;;; Serviáos de lavanderia; Personal trainer compartilhado; Professor de pilates compartilhado; Porteiro;; Professor para aulas de danáa compartilhado; Professor compartilhado para aulas de hidrogin†stica; Serviáo de compras de super mercado;
10/27/2020 18:24:57;20 a 30 anos;Feminino;Solteiro;Com os pais;5;5;4;5;4;3;; Espaáo de pilates e relaxamento rooftop;;;;;; Ambiente de conv°vio ao ar livre;;;;;;Serviáos de lavanderia;;; Porteiro;;;; Serviáo de compras de super mercado;
10/27/2020 18:39:44;40 a 50 anos;Feminino;Divorciado;Sozinho;5;5;5;5;5;5;Academia rooftop;;; Espaáo Pet;Hortas Coletivas;;; Ambiente de conv°vio ao ar livre; Piscina Aquecida;Automaá∆o do apartamento (Cortinas. luzes. fechadura. climatizaá∆o);Serviáos de atendimento mÇdico e enfermagem compartilhado; Nutricionista compartilhada no condom°nio;Dog walker; Serviáos de lavanderia;;; Porteiro;;;; Serviáo de compras de super mercado;
10/27/2020 18:59:49;30 a 40 anos;Feminino;Casado;Com o cìnjuge e filhos;5;4;4;5;5;4;Academia rooftop; Espaáo de pilates e relaxamento rooftop;;;;; Sal∆o de festas; Ambiente de conv°vio ao ar livre;;;;;;;; Professor de pilates compartilhado; Porteiro; Biciclet†rio (com bicicletas) compartilhado; Professor para aulas de danáa compartilhado;;;
10/27/2020 18:59:54;40 a 50 anos;Feminino;Casado;Com o cìnjuge e filhos;5;5;5;5;4;4;Academia rooftop;;;;;; Sal∆o de festas; Ambiente de conv°vio ao ar livre;;;;;;; Personal trainer compartilhado;; Porteiro; Biciclet†rio (com bicicletas) compartilhado;;;;
10/27/2020 19:35:46;40 a 50 anos;Masculino;Casado;Com o cìnjuge e filhos;5;5;5;5;4;4;;;;;;; Sal∆o de festas; Ambiente de conv°vio ao ar livre;;;;;;Serviáos de lavanderia;;; Porteiro; Biciclet†rio (com bicicletas) compartilhado;;;;
10/27/2020 19:50:40;50 a 60 anos;Masculino;Divorciado;Sozinho;3;4;4;5;4;4;Academia rooftop; Espaáo de pilates e relaxamento rooftop;;;;; Sal∆o de festas; Ambiente de conv°vio ao ar livre; Piscina Aquecida;;Serviáos de atendimento mÇdico e enfermagem compartilhado;;;; Personal trainer compartilhado; Professor de pilates compartilhado; Porteiro;;;;;
10/27/2020 20:09:45;40 a 50 anos;Feminino;Casado;Com o cìnjuge;3;4;5;5;3;3;Academia rooftop;;; Espaáo Pet;Hortas Coletivas;; Sal∆o de festas; Ambiente de conv°vio ao ar livre; Piscina Aquecida;;;;; Serviáos de lavanderia; Personal trainer compartilhado; Professor de pilates compartilhado; Porteiro;; Professor para aulas de danáa compartilhado; Professor compartilhado para aulas de hidrogin†stica; Serviáo de compras de super mercado;
10/27/2020 20:11:00;50 a 60 anos;Feminino;Casado;Com o cìnjuge e filhos;5;5;5;5;5;5;Academia rooftop; Espaáo de pilates e relaxamento rooftop; Biblioteca/ sala de estudo;;;; Sal∆o de festas; Ambiente de conv°vio ao ar livre;;;Serviáos de atendimento mÇdico e enfermagem compartilhado; Nutricionista compartilhada no condom°nio;;; Personal trainer compartilhado; Professor de pilates compartilhado; Porteiro;; Professor para aulas de danáa compartilhado; Professor compartilhado para aulas de hidrogin†stica;;
10/27/2020 20:23:35;50 a 60 anos;Feminino;Casado;Com o cìnjuge;5;5;5;5;5;2;;;;;;; Sal∆o de festas; Ambiente de conv°vio ao ar livre;;Automaá∆o do apartamento (Cortinas. luzes. fechadura. climatizaá∆o);;;;;;;; Biciclet†rio (com bicicletas) compartilhado;;;;
10/27/2020 20:39:38;40 a 50 anos;Feminino;Casado;Com o cìnjuge;5;5;3;4;5;5;Academia rooftop;; Biblioteca/ sala de estudo;;Hortas Coletivas;; Sal∆o de festas; Ambiente de conv°vio ao ar livre; Piscina Aquecida;Automaá∆o do apartamento (Cortinas. luzes. fechadura. climatizaá∆o);Serviáos de atendimento mÇdico e enfermagem compartilhado; Nutricionista compartilhada no condom°nio;; Serviáos de lavanderia;; Professor de pilates compartilhado;;; Professor para aulas de danáa compartilhado; Professor compartilhado para aulas de hidrogin†stica; Serviáo de compras de super mercado;
10/27/2020 20:58:41;50 a 60 anos;Feminino;Divorciado;Sozinho;5;5;4;5;5;2;Academia rooftop;;; Espaáo Pet;;; Sal∆o de festas;;;;; Nutricionista compartilhada no condom°nio;Dog walker; Serviáos de lavanderia; Personal trainer compartilhado;; Porteiro;;;;;
10/27/2020 21:22:46;40 a 50 anos;Feminino;Casado;Com o cìnjuge;4;4;5;5;5;3;Academia rooftop;;;;;;;;;;;;;; Personal trainer compartilhado;;;; Professor para aulas de danáa compartilhado;;;
10/27/2020 21:47:16;50 a 60 anos;Feminino;Casado;Com o cìnjuge;5;5;5;5;4;5;Academia rooftop; Espaáo de pilates e relaxamento rooftop;;;Hortas Coletivas;; Sal∆o de festas; Ambiente de conv°vio ao ar livre; Piscina Aquecida;;Serviáos de atendimento mÇdico e enfermagem compartilhado;;;;;; Porteiro;;;;;
10/27/2020 23:30:09;30 a 40 anos;Masculino;Casado;Com o cìnjuge e filhos;5;4;4;3;4;2;;;;;;; Sal∆o de festas; Ambiente de conv°vio ao ar livre;;Automaá∆o do apartamento (Cortinas. luzes. fechadura. climatizaá∆o);;;Dog walker; Serviáos de lavanderia;;;; Biciclet†rio (com bicicletas) compartilhado;;; Serviáo de compras de super mercado;Isolamento sonoro e tÇrmico ?de verdade? no apartamento
10/28/2020 0:02:40;30 a 40 anos;Feminino;Casado;Com o cìnjuge e filhos;4;5;5;5;5;2;;;;;;;;; Piscina Aquecida;;;;;;;; Porteiro;;;;;
10/28/2020 0:05:36;40 a 50 anos;Masculino;Casado;Com o cìnjuge e filhos;5;5;5;5;3;5;Academia rooftop;;;;;; Sal∆o de festas; Ambiente de conv°vio ao ar livre; Piscina Aquecida;Automaá∆o do apartamento (Cortinas. luzes. fechadura. climatizaá∆o);;;;;;; Porteiro; Biciclet†rio (com bicicletas) compartilhado;;;;
10/28/2020 0:25:21;40 a 50 anos;Masculino;Casado;Com o cìnjuge e filhos;4;4;4;5;5;5;Academia rooftop;;;;; Ambiente de Coworking para trabalho home oficce; Sal∆o de festas;; Piscina Aquecida;;;;;;;;;;;;;
10/28/2020 0:51:33;50 a 60 anos;Feminino;Casado;Com o cìnjuge e filhos;5;5;5;5;5;5;Academia rooftop; Espaáo de pilates e relaxamento rooftop; Biblioteca/ sala de estudo;;;;; Ambiente de conv°vio ao ar livre; Piscina Aquecida;;;;;;; Professor de pilates compartilhado; Porteiro; Biciclet†rio (com bicicletas) compartilhado;;;;
10/28/2020 6:13:16;30 a 40 anos;Feminino;Casado;Com o cìnjuge e filhos;4;5;4;5;5;5;Academia rooftop;;;;;; Sal∆o de festas; Ambiente de conv°vio ao ar livre; Piscina Aquecida;;;;;;;; Porteiro; Biciclet†rio (com bicicletas) compartilhado;;;;
10/28/2020 7:14:49;30 a 40 anos;Feminino;Casado;Com o cìnjuge e filhos;5;5;3;5;4;5;Academia rooftop;; Biblioteca/ sala de estudo; Espaáo Pet;Hortas Coletivas;; Sal∆o de festas; Ambiente de conv°vio ao ar livre; Piscina Aquecida;;; Nutricionista compartilhada no condom°nio;Dog walker;; Personal trainer compartilhado; Professor de pilates compartilhado; Porteiro; Biciclet†rio (com bicicletas) compartilhado; Professor para aulas de danáa compartilhado; Professor compartilhado para aulas de hidrogin†stica;;
10/28/2020 7:36:40;20 a 30 anos;Masculino;Solteiro;Com os pais;3;5;4;5;3;2;; Espaáo de pilates e relaxamento rooftop;;;; Ambiente de Coworking para trabalho home oficce;;;;;;;;Serviáos de lavanderia;;;; Biciclet†rio (com bicicletas) compartilhado;;;;
10/28/2020 7:41:12;50 a 60 anos;Feminino;Casado;Com o cìnjuge e filhos;3;5;3;5;5;3;Academia rooftop; Espaáo de pilates e relaxamento rooftop; Biblioteca/ sala de estudo; Espaáo Pet;Hortas Coletivas;; Sal∆o de festas; Ambiente de conv°vio ao ar livre;;;;;;; Personal trainer compartilhado;;;;;;;
10/28/2020 8:08:47;20 a 30 anos;Feminino;Casado;Com o cìnjuge;4;4;3;5;5;3;; Espaáo de pilates e relaxamento rooftop; Biblioteca/ sala de estudo; Espaáo Pet;Hortas Coletivas;; Sal∆o de festas; Ambiente de conv°vio ao ar livre; Piscina Aquecida;Automaá∆o do apartamento (Cortinas. luzes. fechadura. climatizaá∆o);;;Dog walker; Serviáos de lavanderia;; Professor de pilates compartilhado; Porteiro; Biciclet†rio (com bicicletas) compartilhado;; Professor compartilhado para aulas de hidrogin†stica; Serviáo de compras de super mercado;
10/28/2020 8:16:45;30 a 40 anos;Feminino;Casado;Com o cìnjuge e filhos;5;5;5;3;4;3;Academia rooftop; Espaáo de pilates e relaxamento rooftop;;;;; Sal∆o de festas;; Piscina Aquecida;;;;Dog walker; Serviáos de lavanderia; Personal trainer compartilhado; Professor de pilates compartilhado; Porteiro;;;; Serviáo de compras de super mercado;
10/28/2020 10:09:48;40 a 50 anos;Feminino;Casado;Com o cìnjuge;4;5;3;5;3;4;Academia rooftop;;;;;; Sal∆o de festas; Ambiente de conv°vio ao ar livre; Piscina Aquecida;Automaá∆o do apartamento (Cortinas. luzes. fechadura. climatizaá∆o);;;;;;; Porteiro; Biciclet†rio (com bicicletas) compartilhado;; Professor compartilhado para aulas de hidrogin†stica;;
10/28/2020 11:25:15;40 a 50 anos;Masculino;Solteiro;Sozinho;3;5;3;4;4;4;Academia rooftop;; Biblioteca/ sala de estudo; Espaáo Pet;Hortas Coletivas; Ambiente de Coworking para trabalho home oficce; Sal∆o de festas;;;Automaá∆o do apartamento (Cortinas. luzes. fechadura. climatizaá∆o);;;; Serviáos de lavanderia;;; Porteiro; Biciclet†rio (com bicicletas) compartilhado;;;;
10/28/2020 12:49:47;30 a 40 anos;Feminino;Casado;Com o cìnjuge e filhos;5;5;5;5;5;4;;;;;;; Sal∆o de festas; Ambiente de conv°vio ao ar livre;;;;;;;;;;;;;;
10/28/2020 14:02:13;50 a 60 anos;Feminino;Divorciado;Sozinho;5;3;2;5;5;1;;;;;;;; Ambiente de conv°vio ao ar livre;;;;;;Serviáos de lavanderia;;; Porteiro;;;; Serviáo de compras de super mercado;Iluminaá∆o natural 
10/28/2020 14:48:48;40 a 50 anos;Feminino;Divorciado;Sozinho;5;5;5;5;5;5;Academia rooftop;;; Espaáo Pet;Hortas Coletivas;;; Ambiente de conv°vio ao ar livre; Piscina Aquecida;Automaá∆o do apartamento (Cortinas. luzes. fechadura. climatizaá∆o);Serviáos de atendimento mÇdico e enfermagem compartilhado; Nutricionista compartilhada no condom°nio;Dog walker; Serviáos de lavanderia;;; Porteiro;;;; Serviáo de compras de super mercado;
10/28/2020 15:09:27;50 a 60 anos;Feminino;Casado;Com o cìnjuge;5;5;5;5;5;3;Academia rooftop;;;;;; Sal∆o de festas; Ambiente de conv°vio ao ar livre;;Automaá∆o do apartamento (Cortinas. luzes. fechadura. climatizaá∆o);;;;;;;; Biciclet†rio (com bicicletas) compartilhado;;;;
10/28/2020 15:15:12;30 a 40 anos;Feminino;Solteiro;Sozinho;5;5;5;5;4;3;Academia rooftop; Espaáo de pilates e relaxamento rooftop;;;Hortas Coletivas;; Sal∆o de festas;;;Automaá∆o do apartamento (Cortinas. luzes. fechadura. climatizaá∆o);;;;;;;;;;;;
10/28/2020 16:42:23;40 a 50 anos;Masculino;Casado;Com o cìnjuge e filhos;5;4;4;5;4;4;;;;;Hortas Coletivas; Ambiente de Coworking para trabalho home oficce; Sal∆o de festas; Ambiente de conv°vio ao ar livre;;;;;;Serviáos de lavanderia;;;;;;;;"""Brinquedoteca"" e sala de jogos"
10/28/2020 17:25:20;50 a 60 anos;Feminino;Casado;Com o cìnjuge;5;5;5;5;4;5;Academia rooftop; Espaáo de pilates e relaxamento rooftop;;;Hortas Coletivas;; Sal∆o de festas; Ambiente de conv°vio ao ar livre; Piscina Aquecida;;Serviáos de atendimento mÇdico e enfermagem compartilhado;;;;;; Porteiro;;;;;
10/28/2020 19:39:23;50 a 60 anos;Feminino;Casado;Com o cìnjuge e filhos;4;5;4;5;4;4;;;; Espaáo Pet;Hortas Coletivas;; Sal∆o de festas; Ambiente de conv°vio ao ar livre; Piscina Aquecida;Automaá∆o do apartamento (Cortinas. luzes. fechadura. climatizaá∆o);Serviáos de atendimento mÇdico e enfermagem compartilhado;;; Serviáos de lavanderia; Personal trainer compartilhado;; Porteiro;; Professor para aulas de danáa compartilhado; Professor compartilhado para aulas de hidrogin†stica;;
10/28/2020 20:18:03;50 a 60 anos;Feminino;Casado;Com o cìnjuge e filhos;4;5;4;5;3;3;; Espaáo de pilates e relaxamento rooftop;;;Hortas Coletivas;; Sal∆o de festas; Ambiente de conv°vio ao ar livre; Piscina Aquecida;Automaá∆o do apartamento (Cortinas. luzes. fechadura. climatizaá∆o);Serviáos de atendimento mÇdico e enfermagem compartilhado;;;;; Professor de pilates compartilhado; Porteiro;; Professor para aulas de danáa compartilhado;;;Corrim‰es para idosos, inclusive nos banheiros  e acesso para cadeirantes
10/28/2020 21:17:22;20 a 30 anos;Feminino;Solteiro;Com os pais;5;5;3;5;4;1;Academia rooftop; Espaáo de pilates e relaxamento rooftop;;;Hortas Coletivas;; Sal∆o de festas; Ambiente de conv°vio ao ar livre;;Automaá∆o do apartamento (Cortinas. luzes. fechadura. climatizaá∆o);;;; Serviáos de lavanderia; Personal trainer compartilhado;; Porteiro; Biciclet†rio (com bicicletas) compartilhado;;; Serviáo de compras de super mercado;
10/28/2020 21:18:07;60 a 70 anos;Feminino;Casado;Com o cìnjuge e filhos;5;5;3;5;3;3;Academia rooftop; Espaáo de pilates e relaxamento rooftop;;;;; Sal∆o de festas; Ambiente de conv°vio ao ar livre; Piscina Aquecida;Automaá∆o do apartamento (Cortinas. luzes. fechadura. climatizaá∆o);;;;; Personal trainer compartilhado;; Porteiro;; Professor para aulas de danáa compartilhado; Professor compartilhado para aulas de hidrogin†stica;;N∆o 
10/28/2020 21:26:05;50 a 60 anos;Feminino;Casado;Com o cìnjuge e filhos;5;5;5;5;3;5;;;;;Hortas Coletivas; Ambiente de Coworking para trabalho home oficce;; Ambiente de conv°vio ao ar livre;;Automaá∆o do apartamento (Cortinas. luzes. fechadura. climatizaá∆o);;;; Serviáos de lavanderia;; Professor de pilates compartilhado; Porteiro;;;; Serviáo de compras de super mercado;Mais espaáo de lazer e convivància
10/28/2020 21:26:29;50 a 60 anos;Feminino;Casado;Com o cìnjuge e filhos;4;4;4;5;3;2;Academia rooftop;;; Espaáo Pet;Hortas Coletivas;; Sal∆o de festas; Ambiente de conv°vio ao ar livre;;;;;;;;; Porteiro;;;;;
10/28/2020 21:30:46;50 a 60 anos;Feminino;Casado;Com o cìnjuge;4;5;4;5;5;4;Academia rooftop;;;;;; Sal∆o de festas;;;;;;;;;;;; Professor para aulas de danáa compartilhado;;;
10/28/2020 21:33:31;40 a 50 anos;Feminino;Casado;Com o cìnjuge;5;5;4;5;5;3;; Espaáo de pilates e relaxamento rooftop;;;;; Sal∆o de festas; Ambiente de conv°vio ao ar livre; Piscina Aquecida;Automaá∆o do apartamento (Cortinas. luzes. fechadura. climatizaá∆o);;;;;; Professor de pilates compartilhado; Porteiro;; Professor para aulas de danáa compartilhado; Professor compartilhado para aulas de hidrogin†stica;;
10/28/2020 21:45:51;30 a 40 anos;Feminino;Casado;Com o cìnjuge;4;5;4;5;4;5;Academia rooftop;;; Espaáo Pet;;; Sal∆o de festas; Ambiente de conv°vio ao ar livre; Piscina Aquecida;;;;;; Personal trainer compartilhado;; Porteiro; Biciclet†rio (com bicicletas) compartilhado;;; Serviáo de compras de super mercado;
10/28/2020 21:58:44;50 a 60 anos;Feminino;Casado;Com o cìnjuge e filhos;4;4;5;5;5;2;; Espaáo de pilates e relaxamento rooftop; Biblioteca/ sala de estudo;;Hortas Coletivas;; Sal∆o de festas;; Piscina Aquecida;Automaá∆o do apartamento (Cortinas. luzes. fechadura. climatizaá∆o);;;; Serviáos de lavanderia;; Professor de pilates compartilhado; Porteiro;; Professor para aulas de danáa compartilhado;; Serviáo de compras de super mercado;
10/28/2020 22:09:41;50 a 60 anos;Feminino;Casado;Com o cìnjuge;4;5;4;4;5;3;;;; Espaáo Pet;Hortas Coletivas;; Sal∆o de festas; Ambiente de conv°vio ao ar livre; Piscina Aquecida;Automaá∆o do apartamento (Cortinas. luzes. fechadura. climatizaá∆o);; Nutricionista compartilhada no condom°nio;;; Personal trainer compartilhado; Professor de pilates compartilhado; Porteiro; Biciclet†rio (com bicicletas) compartilhado; Professor para aulas de danáa compartilhado; Professor compartilhado para aulas de hidrogin†stica;;
10/28/2020 22:11:43;50 a 60 anos;Feminino;Casado;Com o cìnjuge e filhos;5;5;5;5;5;3;; Espaáo de pilates e relaxamento rooftop; Biblioteca/ sala de estudo;;;;; Ambiente de conv°vio ao ar livre;;Automaá∆o do apartamento (Cortinas. luzes. fechadura. climatizaá∆o);;;;;; Professor de pilates compartilhado;;; Professor para aulas de danáa compartilhado;;;Espaáo ao ar livre!
10/28/2020 22:15:14;30 a 40 anos;Feminino;Casado;Com o cìnjuge;4;5;4;5;4;5;Academia rooftop;;; Espaáo Pet;;; Sal∆o de festas; Ambiente de conv°vio ao ar livre; Piscina Aquecida;;;;;; Personal trainer compartilhado;; Porteiro; Biciclet†rio (com bicicletas) compartilhado;;; Serviáo de compras de super mercado;
10/28/2020 22:33:32;60 a 70 anos;Feminino;Casado;Com o cìnjuge;2;4;2;5;5;1;;;;;;; Sal∆o de festas;;;Automaá∆o do apartamento (Cortinas. luzes. fechadura. climatizaá∆o);;;;;;;;;;;;
10/28/2020 23:06:41;50 a 60 anos;Masculino;Casado;Com o cìnjuge e filhos;4;3;4;4;5;3;; Espaáo de pilates e relaxamento rooftop; Biblioteca/ sala de estudo;;Hortas Coletivas;; Sal∆o de festas;; Piscina Aquecida;Automaá∆o do apartamento (Cortinas. luzes. fechadura. climatizaá∆o);Serviáos de atendimento mÇdico e enfermagem compartilhado;;;;;; Porteiro;;;;;
10/29/2020 6:20:16;60 a 70 anos;Feminino;Casado;Com o cìnjuge;5;5;5;5;5;4;Academia rooftop;;;;;; Sal∆o de festas; Ambiente de conv°vio ao ar livre;;;;;;;;; Porteiro;;;;;
10/29/2020 9:00:16;20 a 30 anos;Feminino;Solteiro;Com os pais;5;5;4;5;4;3;; Espaáo de pilates e relaxamento rooftop;;;;;; Ambiente de conv°vio ao ar livre;;;;;;Serviáos de lavanderia;;; Porteiro;;;; Serviáo de compras de super mercado;
10/29/2020 11:25:08;60 a 70 anos;Feminino;Viuvo;Sozinho;2;5;2;5;5;5;Academia rooftop; Espaáo de pilates e relaxamento rooftop;;;Hortas Coletivas;; Sal∆o de festas; Ambiente de conv°vio ao ar livre; Piscina Aquecida;Automaá∆o do apartamento (Cortinas. luzes. fechadura. climatizaá∆o);;;;; Personal trainer compartilhado;; Porteiro;;; Professor compartilhado para aulas de hidrogin†stica;;
10/29/2020 11:33:47;50 a 60 anos;Masculino;Casado;Com o cìnjuge;5;5;5;5;5;5;;;;;;; Sal∆o de festas;;;;;;;;;; Porteiro;;;;;Quadras tenis
10/29/2020 11:33:56;50 a 60 anos;Masculino;Casado;Com o cìnjuge;5;5;5;5;5;5;;;;;;; Sal∆o de festas;;;;;;;;;; Porteiro;;;;;Quadras tenis
10/29/2020 11:37:59;60 a 70 anos;Masculino;Casado;Com o cìnjuge;4;4;5;5;5;3;;;;;;; Sal∆o de festas; Ambiente de conv°vio ao ar livre; Piscina Aquecida;Automaá∆o do apartamento (Cortinas. luzes. fechadura. climatizaá∆o);;;;;;; Porteiro;;; Professor compartilhado para aulas de hidrogin†stica;;
10/29/2020 11:38:55;50 a 60 anos;Feminino;Casado;Com o cìnjuge;4;5;5;4;4;3;; Espaáo de pilates e relaxamento rooftop;; Espaáo Pet;;; Sal∆o de festas; Ambiente de conv°vio ao ar livre;;;;;;; Personal trainer compartilhado; Professor de pilates compartilhado;;; Professor para aulas de danáa compartilhado;;;
10/29/2020 11:42:36;40 a 50 anos;Masculino;Casado;Com o cìnjuge e filhos;4;5;2;5;5;3;Academia rooftop;;;;;; Sal∆o de festas;; Piscina Aquecida;;;;;Serviáos de lavanderia;;; Porteiro; Biciclet†rio (com bicicletas) compartilhado;;; Serviáo de compras de super mercado;Sistema de CÉmeras de Seguranáa, Acesso por Biometria Cadastrada para se ter uma Relaá∆o de que veio com registro biomÇtrico n∆o um rabisco numa folha A4
10/29/2020 11:59:36;60 a 70 anos;Masculino;Casado;Com o cìnjuge;4;4;5;5;4;1;;;;;;; Sal∆o de festas; Ambiente de conv°vio ao ar livre;;;;;;;;; Porteiro;;;;;
10/29/2020 12:03:11;60 a 70 anos;Masculino;Casado;Com o cìnjuge;4;5;5;5;4;2;;;;;;; Sal∆o de festas;;;;;;;;;; Porteiro;;;;;
10/29/2020 12:14:21;60 a 70 anos;Masculino;Casado;Com o cìnjuge;4;4;5;4;4;4;; Espaáo de pilates e relaxamento rooftop;; Espaáo Pet;;; Sal∆o de festas; Ambiente de conv°vio ao ar livre;;Automaá∆o do apartamento (Cortinas. luzes. fechadura. climatizaá∆o);;;; Serviáos de lavanderia;; Professor de pilates compartilhado;;;;; Serviáo de compras de super mercado;Muita seguranáa 
10/29/2020 12:35:05;60 a 70 anos;Feminino;Viuvo;Sozinho;3;4;4;5;4;3;; Espaáo de pilates e relaxamento rooftop;; Espaáo Pet;Hortas Coletivas;;; Ambiente de conv°vio ao ar livre; Piscina Aquecida;;;;;;;; Porteiro;;;;;
10/29/2020 12:52:43;30 a 40 anos;Masculino;Casado;Com o cìnjuge e filhos;5;4;4;5;4;3;;;;;;; Sal∆o de festas; Ambiente de conv°vio ao ar livre;;;;;;;;;;;;;;"Churrasqueira, mesa de sinuca e uma quadra de esportes
"
10/29/2020 12:59:21;30 a 40 anos;Masculino;Solteiro;Com o cìnjuge;4;5;4;3;5;5;Academia rooftop;;; Espaáo Pet;;; Sal∆o de festas; Ambiente de conv°vio ao ar livre;;Automaá∆o do apartamento (Cortinas. luzes. fechadura. climatizaá∆o);;;;;;; Porteiro;;;;;Conceito e estilo de vida 
10/29/2020 13:22:23;40 a 50 anos;Masculino;Casado;Com o cìnjuge;3;5;2;5;5;1;Academia rooftop;;;;Hortas Coletivas; Ambiente de Coworking para trabalho home oficce;; Ambiente de conv°vio ao ar livre;;Automaá∆o do apartamento (Cortinas. luzes. fechadura. climatizaá∆o);Serviáos de atendimento mÇdico e enfermagem compartilhado;;;; Personal trainer compartilhado;;;;;;;
10/29/2020 13:25:08;40 a 50 anos;Feminino;Casado;Com o cìnjuge;3;5;3;5;4;2;Academia rooftop; Espaáo de pilates e relaxamento rooftop;;;Hortas Coletivas;;; Ambiente de conv°vio ao ar livre;;;; Nutricionista compartilhada no condom°nio;;; Personal trainer compartilhado; Professor de pilates compartilhado; Porteiro;;;; Serviáo de compras de super mercado;N£mero de vagas de garagem n∆o seria definidor, mas a largura delas irem alÇm das exigàncias da prefeitura seria um grande diferencial. 
10/29/2020 13:29:12;60 a 70 anos;Masculino;Divorciado;Sozinho;5;5;5;5;5;5;Academia rooftop;;;;;; Sal∆o de festas; Ambiente de conv°vio ao ar livre;;;; Nutricionista compartilhada no condom°nio;;;; Professor de pilates compartilhado;;;;;;
10/29/2020 13:29:20;50 a 60 anos;Masculino;Casado;Com o cìnjuge;5;4;2;5;3;4;Academia rooftop;;;;Hortas Coletivas;; Sal∆o de festas; Ambiente de conv°vio ao ar livre;;Automaá∆o do apartamento (Cortinas. luzes. fechadura. climatizaá∆o);Serviáos de atendimento mÇdico e enfermagem compartilhado;;; Serviáos de lavanderia; Personal trainer compartilhado;; Porteiro; Biciclet†rio (com bicicletas) compartilhado;;; Serviáo de compras de super mercado;
10/29/2020 13:39:17;60 a 70 anos;Feminino;Solteiro;Com os pais;5;5;4;5;3;4;;;;;;; Sal∆o de festas; Ambiente de conv°vio ao ar livre;;;;;;;;;;;;;;
10/29/2020 13:40:10;40 a 50 anos;Feminino;Casado;Com o cìnjuge;5;5;5;5;1;5;Academia rooftop; Espaáo de pilates e relaxamento rooftop; Biblioteca/ sala de estudo; Espaáo Pet;Hortas Coletivas; Ambiente de Coworking para trabalho home oficce; Sal∆o de festas; Ambiente de conv°vio ao ar livre; Piscina Aquecida;Automaá∆o do apartamento (Cortinas. luzes. fechadura. climatizaá∆o);Serviáos de atendimento mÇdico e enfermagem compartilhado; Nutricionista compartilhada no condom°nio;Dog walker; Serviáos de lavanderia; Personal trainer compartilhado; Professor de pilates compartilhado; Porteiro; Biciclet†rio (com bicicletas) compartilhado; Professor para aulas de danáa compartilhado; Professor compartilhado para aulas de hidrogin†stica; Serviáo de compras de super mercado;Vallet + garden no apartamento +espaáo para serviáais/motorista + serviáos em casa p¢s pandemia 
10/29/2020 13:42:17;30 a 40 anos;Masculino;Casado;Com o cìnjuge e filhos;5;5;4;3;4;2;;;;;;;; Ambiente de conv°vio ao ar livre;;;;;;;;;;;;;;
10/29/2020 13:48:25;30 a 40 anos;Feminino;Casado;Com o cìnjuge e filhos;5;5;4;5;3;4;Academia rooftop;; Biblioteca/ sala de estudo;;Hortas Coletivas;; Sal∆o de festas; Ambiente de conv°vio ao ar livre; Piscina Aquecida;;;;;;;; Porteiro;;;;;
10/29/2020 13:48:50;50 a 60 anos;Feminino;Casado;Com o cìnjuge e filhos;4;4;3;5;5;3;;;; Espaáo Pet;Hortas Coletivas;;; Ambiente de conv°vio ao ar livre;;Automaá∆o do apartamento (Cortinas. luzes. fechadura. climatizaá∆o);;;;;;;; Biciclet†rio (com bicicletas) compartilhado; Professor para aulas de danáa compartilhado;;;
10/29/2020 13:50:29;20 a 30 anos;Masculino;Solteiro;Com os pais;3;4;2;5;4;3;; Espaáo de pilates e relaxamento rooftop;; Espaáo Pet;Hortas Coletivas; Ambiente de Coworking para trabalho home oficce; Sal∆o de festas; Ambiente de conv°vio ao ar livre; Piscina Aquecida;;Serviáos de atendimento mÇdico e enfermagem compartilhado; Nutricionista compartilhada no condom°nio;;; Personal trainer compartilhado; Professor de pilates compartilhado; Porteiro; Biciclet†rio (com bicicletas) compartilhado;;; Serviáo de compras de super mercado;
10/29/2020 13:53:39;40 a 50 anos;Feminino;Casado;Com o cìnjuge e filhos;5;5;5;5;5;4;Academia rooftop; Espaáo de pilates e relaxamento rooftop;; Espaáo Pet;Hortas Coletivas;; Sal∆o de festas; Ambiente de conv°vio ao ar livre;;;;;Dog walker;;;; Porteiro;;;; Serviáo de compras de super mercado;
10/29/2020 14:12:49;20 a 30 anos;Masculino;Casado;Sozinho;3;5;5;5;5;4;Academia rooftop;;; Espaáo Pet;;; Sal∆o de festas; Ambiente de conv°vio ao ar livre; Piscina Aquecida;Automaá∆o do apartamento (Cortinas. luzes. fechadura. climatizaá∆o);;;; Serviáos de lavanderia;;; Porteiro;;;;;
10/29/2020 14:13:52;50 a 60 anos;Feminino;Solteiro;Com os pais;5;5;5;5;4;5;;;;;;; Sal∆o de festas; Ambiente de conv°vio ao ar livre; Piscina Aquecida;;;;;;;; Porteiro;;;; Serviáo de compras de super mercado;
10/29/2020 14:16:17;50 a 60 anos;Masculino;Divorciado;Sozinho;4;3;3;5;5;5;;;;;Hortas Coletivas;; Sal∆o de festas; Ambiente de conv°vio ao ar livre; Piscina Aquecida;;Serviáos de atendimento mÇdico e enfermagem compartilhado; Nutricionista compartilhada no condom°nio;;;;; Porteiro; Biciclet†rio (com bicicletas) compartilhado;;;;
10/29/2020 14:23:37;40 a 50 anos;Feminino;Casado;Com o cìnjuge e filhos;5;5;5;5;5;4;Academia rooftop; Espaáo de pilates e relaxamento rooftop;; Espaáo Pet;Hortas Coletivas;; Sal∆o de festas; Ambiente de conv°vio ao ar livre;;;;;Dog walker;;;; Porteiro;;;; Serviáo de compras de super mercado;
10/29/2020 14:30:04;60 a 70 anos;Masculino;Casado;Com o cìnjuge;5;5;5;5;5;2;;;;;;;;; Piscina Aquecida;;;;;;;;;;;;;Quadra de tànis 
10/29/2020 14:32:14;20 a 30 anos;Masculino;Solteiro;Sozinho;3;5;2;2;5;1;;;;;;; Sal∆o de festas;;;;;;;Serviáos de lavanderia;;;;;;;;
10/29/2020 14:47:12;20 a 30 anos;Masculino;Solteiro;Com os pais;5;4;4;5;5;3;Academia rooftop;;;;;; Sal∆o de festas; Ambiente de conv°vio ao ar livre;;Automaá∆o do apartamento (Cortinas. luzes. fechadura. climatizaá∆o);;;;;;;;;;;;
10/29/2020 14:48:57;60 a 70 anos;Masculino;Casado;Com o cìnjuge;4;4;3;5;5;3;;;;;Hortas Coletivas;; Sal∆o de festas; Ambiente de conv°vio ao ar livre;;Automaá∆o do apartamento (Cortinas. luzes. fechadura. climatizaá∆o);;;; Serviáos de lavanderia;;;;;;;;
10/29/2020 14:52:40;40 a 50 anos;Masculino;Solteiro;Com os pais;4;5;2;3;5;3;;;; Espaáo Pet;Hortas Coletivas; Ambiente de Coworking para trabalho home oficce;; Ambiente de conv°vio ao ar livre; Piscina Aquecida;;;;;; Personal trainer compartilhado;; Porteiro;;;;;
10/29/2020 14:55:50;20 a 30 anos;Masculino;Solteiro;Com os pais;4;4;3;4;4;3;Academia rooftop;;;;;; Sal∆o de festas; Ambiente de conv°vio ao ar livre; Piscina Aquecida;;;;;Serviáos de lavanderia;;;;;;;;
10/29/2020 15:09:19;50 a 60 anos;Masculino;Casado;Com o cìnjuge;3;4;5;4;4;2;;;;;; Ambiente de Coworking para trabalho home oficce;;;;;;;;;;;; Biciclet†rio (com bicicletas) compartilhado;;;;
10/29/2020 15:17:07;20 a 30 anos;Masculino;Solteiro;Com os pais;5;5;3;5;4;4;Academia rooftop;; Biblioteca/ sala de estudo;;; Ambiente de Coworking para trabalho home oficce; Sal∆o de festas; Ambiente de conv°vio ao ar livre; Piscina Aquecida;;;;;Serviáos de lavanderia;;; Porteiro; Biciclet†rio (com bicicletas) compartilhado;;; Serviáo de compras de super mercado;
10/29/2020 16:03:52;50 a 60 anos;Feminino;Casado;Com o cìnjuge e filhos;4;5;4;5;3;5;;; Biblioteca/ sala de estudo; Espaáo Pet;Hortas Coletivas; Ambiente de Coworking para trabalho home oficce; Sal∆o de festas; Ambiente de conv°vio ao ar livre; Piscina Aquecida;Automaá∆o do apartamento (Cortinas. luzes. fechadura. climatizaá∆o);Serviáos de atendimento mÇdico e enfermagem compartilhado;;; Serviáos de lavanderia; Personal trainer compartilhado;; Porteiro;; Professor para aulas de danáa compartilhado; Professor compartilhado para aulas de hidrogin†stica;;
10/29/2020 17:00:59;30 a 40 anos;Feminino;Casado;Com o cìnjuge e filhos;5;5;5;5;5;5;Academia rooftop;; Biblioteca/ sala de estudo; Espaáo Pet;Hortas Coletivas;;; Ambiente de conv°vio ao ar livre; Piscina Aquecida;Automaá∆o do apartamento (Cortinas. luzes. fechadura. climatizaá∆o);Serviáos de atendimento mÇdico e enfermagem compartilhado; Nutricionista compartilhada no condom°nio;Dog walker; Serviáos de lavanderia;;; Porteiro; Biciclet†rio (com bicicletas) compartilhado; Professor para aulas de danáa compartilhado;; Serviáo de compras de super mercado;
10/29/2020 17:01:14;30 a 40 anos;Feminino;Casado;Com o cìnjuge e filhos;3;4;3;4;5;4;;;;;;; Sal∆o de festas; Ambiente de conv°vio ao ar livre;;;;;; Serviáos de lavanderia; Personal trainer compartilhado;;;; Professor para aulas de danáa compartilhado;; Serviáo de compras de super mercado;
10/29/2020 17:01:40;40 a 50 anos;Feminino;Casado;Com o cìnjuge e filhos;5;5;4;5;4;4;Academia rooftop;;;;;; Sal∆o de festas; Ambiente de conv°vio ao ar livre; Piscina Aquecida;Automaá∆o do apartamento (Cortinas. luzes. fechadura. climatizaá∆o);;;;; Personal trainer compartilhado;; Porteiro;;;;;Campo de futebol.
10/29/2020 17:02:38;50 a 60 anos;Feminino;Divorciado;Com o(s) filho(s);5;5;5;5;5;4;Academia rooftop; Espaáo de pilates e relaxamento rooftop; Biblioteca/ sala de estudo;;;; Sal∆o de festas; Ambiente de conv°vio ao ar livre; Piscina Aquecida;;;;;;;; Porteiro; Biciclet†rio (com bicicletas) compartilhado; Professor para aulas de danáa compartilhado;;;
10/29/2020 17:04:02;40 a 50 anos;Feminino;Casado;Com o cìnjuge e filhos;5;4;5;5;4;2;;;;;;; Sal∆o de festas; Ambiente de conv°vio ao ar livre;;Automaá∆o do apartamento (Cortinas. luzes. fechadura. climatizaá∆o);;;;;;; Porteiro;;;;;
10/29/2020 17:04:50;30 a 40 anos;Feminino;Casado;Com o cìnjuge e filhos;5;5;3;5;5;2;;;;;;;;; Piscina Aquecida;;Serviáos de atendimento mÇdico e enfermagem compartilhado; Nutricionista compartilhada no condom°nio;; Serviáos de lavanderia; Personal trainer compartilhado;;; Biciclet†rio (com bicicletas) compartilhado; Professor para aulas de danáa compartilhado; Professor compartilhado para aulas de hidrogin†stica; Serviáo de compras de super mercado;
10/29/2020 17:09:17;30 a 40 anos;Masculino;Casado;Com o cìnjuge e filhos;5;4;4;3;4;2;;;;;;; Sal∆o de festas; Ambiente de conv°vio ao ar livre;;Automaá∆o do apartamento (Cortinas. luzes. fechadura. climatizaá∆o);;;Dog walker; Serviáos de lavanderia;;;; Biciclet†rio (com bicicletas) compartilhado;;; Serviáo de compras de super mercado;Isolamento sonoro e tÇrmico ?de verdade? no apartamento
10/29/2020 17:12:21;50 a 60 anos;Feminino;Casado;Com o cìnjuge;4;5;5;4;3;1;;;;;;;;;;;;;;;;;;;;;;
10/29/2020 19:11:00;30 a 40 anos;Feminino;Solteiro;Com o(s) filho(s);5;5;5;5;5;5;;;; Espaáo Pet;Hortas Coletivas;;;;;;;;;;;;;;;;;N∆o 
10/29/2020 19:41:02;60 a 70 anos;Masculino;Casado;Com o cìnjuge;3;4;5;5;5;3;;;;;Hortas Coletivas;; Sal∆o de festas;;;;Serviáos de atendimento mÇdico e enfermagem compartilhado; Nutricionista compartilhada no condom°nio;;;;;;;;; Serviáo de compras de super mercado;
10/29/2020 19:50:15;40 a 50 anos;Feminino;Casado;Com o cìnjuge e filhos;5;5;4;5;4;5;;;; Espaáo Pet;Hortas Coletivas;; Sal∆o de festas;;;Automaá∆o do apartamento (Cortinas. luzes. fechadura. climatizaá∆o);;;;; Personal trainer compartilhado; Professor de pilates compartilhado; Porteiro;;;; Serviáo de compras de super mercado;
10/29/2020 20:48:19;20 a 30 anos;Feminino;Solteiro;Com os pais;5;5;5;5;5;2;;;;;;;; Ambiente de conv°vio ao ar livre;;;;;;;;;;;;;;
10/29/2020 21:05:17;30 a 40 anos;Masculino;Casado;Com o cìnjuge;4;4;3;4;5;4;Academia rooftop;;;;;; Sal∆o de festas;;;;;;;;;; Porteiro;;;;;
10/29/2020 23:33:13;40 a 50 anos;Feminino;Casado;Com o cìnjuge e filhos;4;5;2;4;4;5;Academia rooftop; Espaáo de pilates e relaxamento rooftop; Biblioteca/ sala de estudo; Espaáo Pet;Hortas Coletivas; Ambiente de Coworking para trabalho home oficce; Sal∆o de festas; Ambiente de conv°vio ao ar livre; Piscina Aquecida;Automaá∆o do apartamento (Cortinas. luzes. fechadura. climatizaá∆o);Serviáos de atendimento mÇdico e enfermagem compartilhado; Nutricionista compartilhada no condom°nio;Dog walker; Serviáos de lavanderia; Personal trainer compartilhado; Professor de pilates compartilhado; Porteiro; Biciclet†rio (com bicicletas) compartilhado; Professor para aulas de danáa compartilhado; Professor compartilhado para aulas de hidrogin†stica; Serviáo de compras de super mercado;
10/29/2020 23:37:00;40 a 50 anos;Feminino;Divorciado;Com o(s) filho(s);5;5;3;5;5;4;Academia rooftop;;;;Hortas Coletivas;; Sal∆o de festas;;;;;;;;;; Porteiro;;;;;
10/30/2020 0:07:38;40 a 50 anos;Feminino;Casado;Com o cìnjuge;5;5;5;5;1;5;Academia rooftop; Espaáo de pilates e relaxamento rooftop; Biblioteca/ sala de estudo; Espaáo Pet;Hortas Coletivas; Ambiente de Coworking para trabalho home oficce; Sal∆o de festas; Ambiente de conv°vio ao ar livre; Piscina Aquecida;Automaá∆o do apartamento (Cortinas. luzes. fechadura. climatizaá∆o);Serviáos de atendimento mÇdico e enfermagem compartilhado; Nutricionista compartilhada no condom°nio;Dog walker; Serviáos de lavanderia; Personal trainer compartilhado; Professor de pilates compartilhado; Porteiro; Biciclet†rio (com bicicletas) compartilhado; Professor para aulas de danáa compartilhado; Professor compartilhado para aulas de hidrogin†stica; Serviáo de compras de super mercado;Vallet + garden no apartamento +espaáo para serviáais/motorista + serviáos em casa p¢s pandemia 
10/30/2020 0:12:51;30 a 40 anos;Feminino;Casado;Com o cìnjuge e filhos;4;4;3;4;4;4;;;;;;; Sal∆o de festas; Ambiente de conv°vio ao ar livre; Piscina Aquecida;;;;;Serviáos de lavanderia;;; Porteiro;;;;;
10/30/2020 0:34:02;20 a 30 anos;Masculino;Solteiro;Com os pais;4;5;4;5;3;4;Academia rooftop;;;;Hortas Coletivas;; Sal∆o de festas;;;;;;;;;; Porteiro;;;;;
10/30/2020 1:07:17;50 a 60 anos;Masculino;Casado;Com o cìnjuge;3;5;3;5;3;4;;;;;; Ambiente de Coworking para trabalho home oficce; Sal∆o de festas;;;;;;;;;; Porteiro;;;;;
10/30/2020 5:38:58;20 a 30 anos;Masculino;Solteiro;Sozinho;4;5;3;4;5;2;Academia rooftop; Espaáo de pilates e relaxamento rooftop;;;; Ambiente de Coworking para trabalho home oficce;;;;Automaá∆o do apartamento (Cortinas. luzes. fechadura. climatizaá∆o);; Nutricionista compartilhada no condom°nio;;; Personal trainer compartilhado;;;;;; Serviáo de compras de super mercado;
10/30/2020 9:29:10;50 a 60 anos;Feminino;Divorciado;Com o(s) filho(s);5;5;5;5;5;4;Academia rooftop; Espaáo de pilates e relaxamento rooftop; Biblioteca/ sala de estudo;;;; Sal∆o de festas; Ambiente de conv°vio ao ar livre; Piscina Aquecida;;;;;;;; Porteiro; Biciclet†rio (com bicicletas) compartilhado; Professor para aulas de danáa compartilhado;;;
10/30/2020 10:09:37;30 a 40 anos;Feminino;Casado;Com o cìnjuge e filhos;5;5;3;5;4;5;Academia rooftop;; Biblioteca/ sala de estudo; Espaáo Pet;Hortas Coletivas;; Sal∆o de festas; Ambiente de conv°vio ao ar livre; Piscina Aquecida;;; Nutricionista compartilhada no condom°nio;Dog walker;; Personal trainer compartilhado; Professor de pilates compartilhado; Porteiro; Biciclet†rio (com bicicletas) compartilhado; Professor para aulas de danáa compartilhado; Professor compartilhado para aulas de hidrogin†stica;;
10/30/2020 11:30:42;20 a 30 anos;Masculino;Solteiro;Com os pais;4;4;5;4;4;5;Academia rooftop;;;;;; Sal∆o de festas;; Piscina Aquecida;Automaá∆o do apartamento (Cortinas. luzes. fechadura. climatizaá∆o);;;; Serviáos de lavanderia;;;;;;;;
10/30/2020 11:52:25;40 a 50 anos;Feminino;Solteiro;Sozinho;5;5;5;5;3;3;Academia rooftop;;;;;;; Ambiente de conv°vio ao ar livre; Piscina Aquecida;Automaá∆o do apartamento (Cortinas. luzes. fechadura. climatizaá∆o);;;; Serviáos de lavanderia;;; Porteiro; Biciclet†rio (com bicicletas) compartilhado;;; Serviáo de compras de super mercado;
10/30/2020 12:39:19;30 a 40 anos;Feminino;Solteiro;Sozinho;5;5;5;5;4;3;Academia rooftop; Espaáo de pilates e relaxamento rooftop;;;Hortas Coletivas;; Sal∆o de festas;;;Automaá∆o do apartamento (Cortinas. luzes. fechadura. climatizaá∆o);;;;;;;;;;;;
30/10/2020 15:25;50 a 60 anos;Feminino;Solteiro;Com o(s) filho(s);5;5;5;5;5;2;Academia rooftop;; Biblioteca/ sala de estudo;;Hortas Coletivas; Ambiente de Coworking para trabalho home oficce; Sal∆o de festas; Ambiente de conv°vio ao ar livre; Piscina Aquecida;;Serviáos de atendimento mÇdico e enfermagem compartilhado; Nutricionista compartilhada no condom°nio;; Serviáos de lavanderia;; Professor de pilates compartilhado; Porteiro;;; Professor compartilhado para aulas de hidrogin†stica; Serviáo de compras de super mercado;
30/10/2020 15:27;50 a 60 anos;Masculino;Casado;Com o cìnjuge;3;3;3;4;5;5;Academia rooftop;;;;;; Sal∆o de festas; Ambiente de conv°vio ao ar livre; Piscina Aquecida;;;;;;;; Porteiro;;;;;Nenhuma despesa rateada, tudo separado por im¢vel: †gua, luz, g†s, etc.
30/10/2020 16:37;50 a 60 anos;Feminino;Divorciado;Sozinho;3;5;3;5;3;3;Academia rooftop;;; Espaáo Pet;;; Sal∆o de festas;;;;;;Dog walker;;;; Porteiro;;;;;
30/10/2020 17:02;60 a 70 anos;Feminino;Casado;Com o cìnjuge;5;4;4;5;3;2;Academia rooftop; Espaáo de pilates e relaxamento rooftop; Biblioteca/ sala de estudo; Espaáo Pet;;; Sal∆o de festas; Ambiente de conv°vio ao ar livre;;Automaá∆o do apartamento (Cortinas. luzes. fechadura. climatizaá∆o);;;; Serviáos de lavanderia;; Professor de pilates compartilhado; Porteiro;;; Professor compartilhado para aulas de hidrogin†stica;;
30/10/2020 17:27;20 a 30 anos;Masculino;Solteiro;Com os pais;5;5;4;4;3;4;;;; Espaáo Pet;; Ambiente de Coworking para trabalho home oficce; Sal∆o de festas; Ambiente de conv°vio ao ar livre; Piscina Aquecida;Automaá∆o do apartamento (Cortinas. luzes. fechadura. climatizaá∆o);;;; Serviáos de lavanderia;;;; Biciclet†rio (com bicicletas) compartilhado;;;;
30/10/2020 17:42;40 a 50 anos;Feminino;Casado;Com o cìnjuge e filhos;5;5;4;5;4;5;;;;;;;;;;Automaá∆o do apartamento (Cortinas. luzes. fechadura. climatizaá∆o);Serviáos de atendimento mÇdico e enfermagem compartilhado;;; Serviáos de lavanderia;;; Porteiro;;; Professor compartilhado para aulas de hidrogin†stica; Serviáo de compras de super mercado;
30/10/2020 17:45;20 a 30 anos;Masculino;Solteiro;Com os pais;5;3;5;3;5;5;Academia rooftop;;;;;; Sal∆o de festas; Ambiente de conv°vio ao ar livre; Piscina Aquecida;;;;;Serviáos de lavanderia;;; Porteiro;;;;;
30/10/2020 18:49;50 a 60 anos;Feminino;Casado;Com o cìnjuge e filhos;5;5;3;5;5;5;;; Biblioteca/ sala de estudo;;Hortas Coletivas;; Sal∆o de festas; Ambiente de conv°vio ao ar livre; Piscina Aquecida;;; Nutricionista compartilhada no condom°nio;;;; Professor de pilates compartilhado; Porteiro; Biciclet†rio (com bicicletas) compartilhado;; Professor compartilhado para aulas de hidrogin†stica;;
30/10/2020 21:05;70 +;Feminino;Viuvo;Sozinho;1;5;3;5;5;3;; Espaáo de pilates e relaxamento rooftop;;;;; Sal∆o de festas; Ambiente de conv°vio ao ar livre; Piscina Aquecida;Automaá∆o do apartamento (Cortinas. luzes. fechadura. climatizaá∆o);;;; Serviáos de lavanderia;; Professor de pilates compartilhado; Porteiro;;; Professor compartilhado para aulas de hidrogin†stica;;
31/10/2020 00:01;40 a 50 anos;Feminino;Casado;Com o cìnjuge e filhos;5;5;3;5;3;4;Academia rooftop; Espaáo de pilates e relaxamento rooftop;;;Hortas Coletivas;; Sal∆o de festas;;;Automaá∆o do apartamento (Cortinas. luzes. fechadura. climatizaá∆o);;;; Serviáos de lavanderia; Personal trainer compartilhado;; Porteiro; Biciclet†rio (com bicicletas) compartilhado;;;;
31/10/2020 08:14;50 a 60 anos;Masculino;Casado;Com o cìnjuge;1;5;3;3;5;3;Academia rooftop;;;;;;;; Piscina Aquecida;;;;;;; Professor de pilates compartilhado;; Biciclet†rio (com bicicletas) compartilhado;; Professor compartilhado para aulas de hidrogin†stica;;
31/10/2020 08:14;50 a 60 anos;Masculino;Casado;Com o cìnjuge;1;5;3;3;5;3;Academia rooftop;;;;;;;; Piscina Aquecida;;;;;;; Professor de pilates compartilhado;; Biciclet†rio (com bicicletas) compartilhado;; Professor compartilhado para aulas de hidrogin†stica;;
31/10/2020 09:36;30 a 40 anos;Feminino;Solteiro;Com os pais;5;5;5;3;5;1;;;;;;;;; Piscina Aquecida;;;;;Serviáos de lavanderia;;; Porteiro;;;;;
31/10/2020 09:45;40 a 50 anos;Feminino;Casado;Com o cìnjuge;3;5;3;5;4;2;Academia rooftop; Espaáo de pilates e relaxamento rooftop;;;Hortas Coletivas;;; Ambiente de conv°vio ao ar livre;;;; Nutricionista compartilhada no condom°nio;;; Personal trainer compartilhado; Professor de pilates compartilhado; Porteiro;;;; Serviáo de compras de super mercado;N£mero de vagas de garagem n∆o seria definidor, mas a largura delas irem alÇm das exigàncias da prefeitura seria um grande diferencial.
31/10/2020 14:59;40 a 50 anos;Feminino;Solteiro;Com o cìnjuge e filhos;5;5;5;5;5;5;;;;;;;; Ambiente de conv°vio ao ar livre;;;;;; Serviáos de lavanderia; Personal trainer compartilhado;; Porteiro;; Professor para aulas de danáa compartilhado; Professor compartilhado para aulas de hidrogin†stica;;
31/10/2020 16:02;40 a 50 anos;Feminino;Casado;Com o cìnjuge e filhos;5;5;5;5;5;5;Academia rooftop; Espaáo de pilates e relaxamento rooftop;; Espaáo Pet;;; Sal∆o de festas; Ambiente de conv°vio ao ar livre; Piscina Aquecida;Automaá∆o do apartamento (Cortinas. luzes. fechadura. climatizaá∆o);;;Dog walker;; Personal trainer compartilhado;; Porteiro; Biciclet†rio (com bicicletas) compartilhado; Professor para aulas de danáa compartilhado;; Serviáo de compras de super mercado;
31/10/2020 16:10;60 a 70 anos;Feminino;Viuvo;Sozinho;3;3;3;4;1;3;Academia rooftop;;;;;;; Ambiente de conv°vio ao ar livre; Piscina Aquecida;;;;;;;;;;;;;
31/10/2020 16:33;50 a 60 anos;Feminino;Casado;Com o cìnjuge;5;5;5;5;5;5;Academia rooftop; Espaáo de pilates e relaxamento rooftop; Biblioteca/ sala de estudo; Espaáo Pet;Hortas Coletivas; Ambiente de Coworking para trabalho home oficce; Sal∆o de festas; Ambiente de conv°vio ao ar livre; Piscina Aquecida;Automaá∆o do apartamento (Cortinas. luzes. fechadura. climatizaá∆o);Serviáos de atendimento mÇdico e enfermagem compartilhado; Nutricionista compartilhada no condom°nio;;; Personal trainer compartilhado; Professor de pilates compartilhado; Porteiro;; Professor para aulas de danáa compartilhado; Professor compartilhado para aulas de hidrogin†stica; Serviáo de compras de super mercado;
31/10/2020 16:36;50 a 60 anos;Feminino;Divorciado;Com o cìnjuge;3;4;3;4;3;3;Academia rooftop;;;;;;;; Piscina Aquecida;;;;;Serviáos de lavanderia;;;;;;;;
31/10/2020 16:47;30 a 40 anos;Masculino;Casado;Com o cìnjuge;5;5;5;5;3;2;Academia rooftop;;;;;;;; Piscina Aquecida;Automaá∆o do apartamento (Cortinas. luzes. fechadura. climatizaá∆o);;;Dog walker;;;; Porteiro;;;; Serviáo de compras de super mercado;
31/10/2020 17:06;40 a 50 anos;Feminino;Casado;Com o cìnjuge e filhos;5;5;5;5;5;5;Academia rooftop;;;;;;;; Piscina Aquecida;;;;;;;;; Biciclet†rio (com bicicletas) compartilhado;;;;
31/10/2020 17:16;30 a 40 anos;Masculino;Solteiro;Sozinho;5;5;5;5;5;5;;;;;;;;; Piscina Aquecida;;;;;;;;; Biciclet†rio (com bicicletas) compartilhado;;;;
31/10/2020 18:06;50 a 60 anos;Feminino;Casado;Com o cìnjuge e filhos;4;5;4;5;5;4;Academia rooftop;;; Espaáo Pet;;; Sal∆o de festas; Ambiente de conv°vio ao ar livre; Piscina Aquecida;;;;;; Personal trainer compartilhado; Professor de pilates compartilhado; Porteiro; Biciclet†rio (com bicicletas) compartilhado; Professor para aulas de danáa compartilhado; Professor compartilhado para aulas de hidrogin†stica; Serviáo de compras de super mercado;
31/10/2020 23:17;30 a 40 anos;Feminino;Casado;Com o cìnjuge e filhos;5;5;3;5;4;4;; Espaáo de pilates e relaxamento rooftop; Biblioteca/ sala de estudo;;; Ambiente de Coworking para trabalho home oficce; Sal∆o de festas; Ambiente de conv°vio ao ar livre; Piscina Aquecida;;Serviáos de atendimento mÇdico e enfermagem compartilhado;;; Serviáos de lavanderia;;; Porteiro;;;; Serviáo de compras de super mercado;
01/11/2020 06:08;30 a 40 anos;Masculino;Solteiro;Sozinho;3;4;3;4;5;3;Academia rooftop;;;;;;;; Piscina Aquecida;;;;;;;;;;;;;
01/11/2020 06:09;30 a 40 anos;Feminino;Casado;Com o cìnjuge e filhos;4;5;3;5;5;2;Academia rooftop;;;;;;;; Piscina Aquecida;;;;;;;;;;;;;
01/11/2020 06:10;30 a 40 anos;Masculino;Solteiro;Sozinho;3;4;3;4;5;3;Academia rooftop;;;;;;;; Piscina Aquecida;;;;;;;;; Biciclet†rio (com bicicletas) compartilhado;;;;
01/11/2020 12:24;30 a 40 anos;Masculino;Solteiro;Sozinho;3;4;3;4;5;3;Academia rooftop;;;;;;;; Piscina Aquecida;;;;;;;;; Biciclet†rio (com bicicletas) compartilhado;;;;
01/11/2020 12:25;40 a 50 anos;Masculino;Solteiro;Sozinho;5;5;5;5;5;5;Academia rooftop;;;;;;;;;;;;;;;;; Biciclet†rio (com bicicletas) compartilhado;;;;
01/11/2020 13:16;30 a 40 anos;Feminino;Casado;Com o cìnjuge e filhos;4;5;3;5;5;3;Academia rooftop;;;;;;;; Piscina Aquecida;;;;;;;;;;;;;
01/11/2020 13:25;40 a 50 anos;Feminino;Casado;Com o cìnjuge e filhos;5;5;5;5;5;5;Academia rooftop; Espaáo de pilates e relaxamento rooftop;;;; Ambiente de Coworking para trabalho home oficce;;; Piscina Aquecida;;;;;;;;;;; Professor compartilhado para aulas de hidrogin†stica;;
01/11/2020 13:44;20 a 30 anos;Feminino;Solteiro;Com os pais;3;3;3;3;3;3;Academia rooftop;;;;;;;; Piscina Aquecida;;;;;;;;;;;;;
02/11/2020 10:03;40 a 50 anos;Masculino;Solteiro;Sozinho;5;5;5;5;5;5;Academia rooftop;;;;;;;;;;;;;;;;; Biciclet†rio (com bicicletas) compartilhado;;;;
02/11/2020 13:38;30 a 40 anos;Masculino;Solteiro;Com o cìnjuge;4;5;4;3;5;5;Academia rooftop;;; Espaáo Pet;;; Sal∆o de festas; Ambiente de conv°vio ao ar livre;;Automaá∆o do apartamento (Cortinas. luzes. fechadura. climatizaá∆o);;;;;;; Porteiro;;;;;Conceito e estilo de vida
02/11/2020 15:18;40 a 50 anos;Feminino;Casado;Com o cìnjuge e filhos;4;5;3;5;5;2;Academia rooftop;; Biblioteca/ sala de estudo; Espaáo Pet;;;; Ambiente de conv°vio ao ar livre; Piscina Aquecida;;;;;Serviáos de lavanderia;;; Porteiro;;;;;
02/11/2020 16:23;40 a 50 anos;Feminino;Divorciado;Com o(s) filho(s);4;4;5;4;5;4;Academia rooftop;;;;;;;; Piscina Aquecida;;;;;;;;;;;;;
02/11/2020 16:24;30 a 40 anos;Masculino;Casado;Com o cìnjuge e filhos;4;4;4;4;4;4;Academia rooftop;;; Espaáo Pet;;;;; Piscina Aquecida;;;;;;;;; Biciclet†rio (com bicicletas) compartilhado;;;;
02/11/2020 16:25;40 a 50 anos;Feminino;Casado;Com o cìnjuge e filhos;5;5;5;5;5;5;Academia rooftop;;;;;;;; Piscina Aquecida;;;;;;;;; Biciclet†rio (com bicicletas) compartilhado;;;;
02/11/2020 17:41;30 a 40 anos;Feminino;Casado;Com o cìnjuge e filhos;5;5;4;4;4;3;Academia rooftop;;;;;;;; Piscina Aquecida;;;;;;;;;;;;;
02/11/2020 22:55;30 a 40 anos;Feminino;Casado;Com o cìnjuge e filhos;5;5;4;4;4;3;Academia rooftop;;;;;;;; Piscina Aquecida;;;;;;;;;;;;;
04/11/2020 14:03;40 a 50 anos;Feminino;Casado;Com o cìnjuge;5;4;5;5;5;4;Academia rooftop;;;;Hortas Coletivas;;; Ambiente de conv°vio ao ar livre;;;;;Dog walker; Serviáos de lavanderia;;;;;;; Serviáo de compras de super mercado;
06/11/2020 10:08;40 a 50 anos;Feminino;Casado;Com o cìnjuge;5;4;5;5;5;4;Academia rooftop;;;;Hortas Coletivas;;; Ambiente de conv°vio ao ar livre;;;;;Dog walker; Serviáos de lavanderia;;;;;;; Serviáo de compras de super mercado;
07/11/2020 08:58;40 a 50 anos;Feminino;Casado;Com o cìnjuge;4;5;3;5;5;3;Academia rooftop;;;;;;;;;;;;;;;;;;;;;
07/11/2020 08:59;30 a 40 anos;Feminino;Solteiro;Sozinho;3;5;3;5;5;3;Academia rooftop;;;;;;;; Piscina Aquecida;;;;;;;;;;;;;
07/11/2020 09:00;30 a 40 anos;Masculino;Solteiro;Sozinho;3;5;3;5;5;3;Academia rooftop;;;;;;;;;;;;;;;;;;;;;
07/11/2020 09:03;20 a 30 anos;Masculino;Solteiro;Com os pais;2;4;3;4;5;5;Academia rooftop;;;;;;;; Piscina Aquecida;;;;;;;;;;;;;
07/11/2020 15:05;20 a 30 anos;Masculino;Solteiro;Com os pais;2;4;3;4;5;5;Academia rooftop;;;;;;;; Piscina Aquecida;;;;;;;;;;;;;
10/11/2020 10:35;30 a 40 anos;Feminino;Solteiro;Sozinho;5;5;5;5;3;5;Academia rooftop;;; Espaáo Pet;;; Sal∆o de festas; Ambiente de conv°vio ao ar livre; Piscina Aquecida;;;;;;;; Porteiro; Biciclet†rio (com bicicletas) compartilhado;;;;
10/11/2020 14:40;40 a 50 anos;Feminino;Casado;Com o cìnjuge;4;5;3;5;3;4;Academia rooftop;;;;;; Sal∆o de festas; Ambiente de conv°vio ao ar livre; Piscina Aquecida;Automaá∆o do apartamento (Cortinas. luzes. fechadura. climatizaá∆o);;;;;;; Porteiro; Biciclet†rio (com bicicletas) compartilhado;; Professor compartilhado para aulas de hidrogin†stica;;
17/11/2020 07:50;30 a 40 anos;Masculino;Divorciado;Com o cìnjuge;3;4;3;4;5;4;Academia rooftop;;;;;;; Ambiente de conv°vio ao ar livre;;;;;;; Personal trainer compartilhado;;;;; Professor compartilhado para aulas de hidrogin†stica;;
17/11/2020 16:07;40 a 50 anos;Feminino;Casado;Com o cìnjuge;4;5;4;4;5;2;;;; Espaáo Pet;;;; Ambiente de conv°vio ao ar livre;;;;;;;;; Porteiro;;;;;
